date,headline,source
2025-10-16,Will Democrats take back Virginia’s governorship this year?,Americanthinker.com
2025-10-16,Ariarne Titmus stuns swimming world with surprise retirement announcement - Here's what the legendary swimmer said about her sudden decision,The Times of India
2025-10-16,How voluntary assisted dying in the NT would be different to down south,The Conversation Africa
2025-10-16,Titmus labelled a 'living legend' after calling time on swimming career,ABC News (AU)
2025-10-16,"In boost to 2036 Olympic hopes, Ahmedabad set to host 2030 Commonwealth Games; final decision on 26 November",The Times of India
2025-10-16,Dollar soft as Sino-US trade tension weighs,Yahoo Entertainment
2025-10-16,Dollar soft as Sino-US trade tension weighs,The Times of India
2025-10-16,Dollar soft as Sino-US trade tension weighs,Yahoo Entertainment
2025-10-16,'Living Legend' Ariarne Titmus Announces Retirement From Swimming,International Business Times
2025-10-16,'Living legend' Ariarne Titmus announces retirement from swimming,Yahoo Entertainment
2025-10-16,Commonwealth Fund: Medicare member experience varies by state,Techtarget.com
2025-10-15,Australian swimming star Ariarne Titmus announces retirement,Japan Today
2025-10-15,Auditor-general says Victoria risks missing out on flood recovery funds,ABC News (AU)
2025-10-15,"Massachusetts teen detained by ICE out of state, community demands his release",ABC News
2025-10-15,Boston’s White Stadium soccer rehab opponents appeal court ruling that tossed lawsuit,Boston Herald
2025-10-15,Boston skyline’s iconic CITGO sign is moving… on up,Boston Herald
2025-10-15,Austrade to replace its data centre core network,iTnews
2025-10-15,Budget writers strip sheriff’s department funding from close-out spending plan,Boston Herald
2025-10-15,"Farmer, Father, Friend",Richmondmagazine.com
2025-10-15,Jim Bolger remembered: The man who left school at 15 and went on to become PM. His legacy is remarkable,New Zealand Herald
2025-10-15,Jim Bolger obituary: The man who left school at 15 and went on to become PM. His legacy is remarkable,New Zealand Herald
2025-10-15,DAVE SLOAD: We Must End Discrimination Against Nonunion Construction Workers,The Daily Caller
2025-10-15,Great British Buildings: The Palace of Westminster – Britain’s Gothic Masterpiece and the Mother of Parliaments,Anglotopia.net
2025-10-15,MassDOT will start over with ‘clean slate’ on the service plaza process,Boston Herald
2025-10-15,'A proud moment for Gujarat and India',Rediff.com
2025-10-15,Some health centers in Mass. stop trans care for minors,WBUR
2025-10-15,"Proud moment for Gujarat and India, Chief Minister Patel on Ahmedabad as proposed CWG host",BusinessLine
2025-10-15,"Police blotter: Shooting victim identified, assault, illegal gun",Boston Herald
2025-10-15,Sangram Singh set for high-profile Amsterdam MMA fight,Rediff.com
2025-10-15,Virginia Closes The ‘Honesty Gap’ To Open More Doors For Students,Forbes
2025-10-15,The St. James Academy (Va.) to play Mater Dei (Calif.) in 2026,On3.com
2025-10-15,US sanctions Singaporeans in global fraud takedown,The Straits Times
2025-10-15,"Ahmedabad, India recommended to host 2030 Commonwealth Games",CNA
2025-10-15,Jim Cramer on Southern Company: “You Gotta Take Some Southern off the Table”,Yahoo Entertainment
2025-10-15,Ahmedabad recommended as host city for CWG 2030,Rediff.com
2025-10-15,Ahmedabad recommended as host city for 2030 Commonwealth Games by sports executive board,The Times of India
2025-10-15,The Land Where Everything is Policed Except Crime,Steynonline.com
2025-10-15,Scotland sevens contract for Test winger Hoyland,BBC News
2025-10-15,India set to host 2030 centenary Commonwealth Games,BBC News
2025-10-15,Conway feels 'disrespect' before title defence,BBC News
2025-10-15,Sibling rivalry drives twins to gymnastics success,BBC News
2025-10-15,Major UK govt data leaks surface on dark net – media,RT
2025-10-15,"As Trump Sells Peace in West Asia, His ‘Route for International Peace and Prosperity’ in the Caucasus Fails to Live Up to Its Name",Nakedcapitalism.com
2025-10-15,The sleeper issue that could play a huge role in Virginia and New Jersey — and the midterms,NBC News
2025-10-15,"UK, US Sanction Southeast Asia-Based Online Scam Network",Infosecurity Magazine
2025-10-15,British track sprinter Carlin announces retirement,CNA
2025-10-15,Four-time Olympic medallist Carlin retires after losing 'spark',BBC News
2025-10-15,Global Investors Are Pouring More Money into Climate Tech,Financial Post
2025-10-15,'Demands our country's full attention': Funding threat on Closing the Gap,ABC News (AU)
2025-10-15,PEDs and payouts see athletes turn to Enhanced Games,RTE
2025-10-15,PEDs and payouts see athletes turn to Enhanced Games,RTE
2025-10-15,Buying CBA shares? Here's what's happening at today's AGM,Motley Fool Australia
2025-10-15,Virginia high school football game canceled due to lack of healthy players,On3.com
2025-10-15,"Dollar under pressure on Fed rate cut bets, China trade tensions",The Times of India
2025-10-15,The government wants more of us living in high rises. Here’s why Australians don’t want to,The Conversation Africa
2025-10-15,Mates’ rates: Protectionism was already accelerating before Labor’s bailout mania took off,Crikey
2025-10-15,Coca-Cola rolls out innovative campaign at international sporting event: 'Connects millions of people',Yahoo Entertainment
2025-10-15,Massachusetts Auditor DiZoglio to headline State House rally: ‘No longer about an audit’,Boston Herald
2025-10-14,The Replacements Rocker Tommy Stinson Stumps for Virginia Democrats After They Refuse to Disavow Homicide-Fantasizing Jay Jones,Breitbart News
2025-10-14,Advocates condemn NT leader's comments on transwomen in female prisons,ABC News (AU)
2025-10-14,Advocates condemn NT leader's comments on trans women in female prisons,ABC News (AU)
2025-10-14,"Safety liner under US military fuel tanks still failing, weeks after approval",ABC News (AU)
2025-10-14,"First Commonwealth to Host Third Quarter 2025 Earnings Conference Call on Wednesday, October 29, 2025",GlobeNewswire
2025-10-14,Prescription drug coverage options are shrinking for Medicare shoppers,Boston Herald
2025-10-14,5 things to watch on the ASX 200 on Wednesday,Motley Fool Australia
2025-10-14,US and UK Announce Sanctions Targeting Online Scams and Money Laundering,pymnts.com
2025-10-14,Mariner Independent Recruits Pennsylvania Team From Commonwealth,Wealthmanagement.com
2025-10-14,"Aiming at crime hotspots, Ceasefire Virginia has statewide impact",Richmond.com
2025-10-14,Massachusetts’ top court rules murder suspect can claim self-defense to justify killing innocent bystander,Boston Herald
2025-10-14,US seizes $15 billion in crypto from 'pig butchering' kingpin,BleepingComputer
2025-10-14,Penn State shuts down wild rumor that Adidas is behind James Franklin’s firing,New York Post
2025-10-14,Generation Gap,Richmondmagazine.com
2025-10-14,US to add $14 billion BTC to Strategic Bitcoin Reserve seized from Chinese scammer,CryptoSlate
2025-10-14,"RI, MA state police arrest five suspects in alleged large-scale cocaine and fentanyl distribution network",The Sun Chronicle
2025-10-14,Hacker Group TA585 Emerges With Advanced Attack Infrastructure,Infosecurity Magazine
2025-10-14,Churchill and the Dictators: The Lonely Champion of Freedom Against the Totalitarian Storm,Anglotopia.net
2025-10-14,Iran jails 2 French citizens on 'spying' charges,DW (English)
2025-10-14,Time to unlock Europe’s fusion potential,EURACTIV
2025-10-14,Major real estate developers are fast becoming power brokers,CNBC
2025-10-14,Interpreting drinking water quality samples: Understanding contamination pathways at the point of collection,Plos.org
2025-10-14,Rape within marriage is still silenced in South Africa – why women are being failed,The Conversation Africa
2025-10-14,Former Virginia Solicitor General Erika Maley Joins Hunton’s National Appellate Practice in Washington,GlobeNewswire
2025-10-14,Celtic Connections unveils 2026 festival programme,BBC News
2025-10-14,Bon Secours proposes $34 million ER in northern Chesterfield,Richmond.com
2025-10-14,Uma Ukpai: Video of Cleric Leading Powerful Praise at COZA Emerges As Pastor Biodun Fatoyinbo Mourns,Latest News in Nigeria & Breaking Naija News 24/7 | LEGIT.NG
2025-10-14,Cash targets return after tackling alcohol struggles,BBC News
2025-10-14,Ex-Olympic coach charged with child sex offences,BBC News
2025-10-14,"Ten days, 215 golds & 3000 athletes - Glasgow 2026 schedule announced",BBC News
2025-10-14,"Filipino Historical Epic ‘Quezon,’ Starring Jericho Rosales, Iain Glen, Sets Global Rollout (EXCLUSIVE)",Variety
2025-10-14,"Reserve Bank board raises inflation concerns, making Christmas rate cut less likely",Thenightly.com.au
2025-10-14,The Shock of the Obvious: Australia’s University Oligarchs,CounterPunch
2025-10-14,Researchers Expose TA585’s MonsterV2 Malware Capabilities and Attack Chain,Internet
2025-10-14,"India sweats on Olympic, CWG bids as verdict nears",Rediff.com
2025-10-14,Which ASX ETF is delivering a 9% gross dividend yield?,Motley Fool Australia
2025-10-14,"Beyond Qantas’ data leak, Australian finance companies are also at risk of offshore hacks",The Conversation Africa
