Sample,t+1_Actual_scaled,t+1_LSTM_scaled,t+1_ARIMA_scaled,t+1_ENS_scaled,t+1_Actual_$,t+1_LSTM_$,t+1_ARIMA_$,t+1_ENS_$
0,0.8135804263628211,0.91982055,0.7966926813562131,0.8336310470409781,87.85054016113281,93.52171,86.94906026779633,88.92085661742716
1,0.8183775333488547,0.91537845,0.8129425356662529,0.8436733342124402,88.10661315917969,93.28459,87.81648910003037,89.4569210810155
2,0.8425341485156536,0.91140866,0.818764991711829,0.8465580930370864,89.39611053466797,93.07268,88.1272959634019,89.61091156799442
3,0.8522995856485259,0.9079538,0.8421334387894853,0.8618795706257689,89.91739654541016,92.88826,89.37472036321147,90.42878298759476
4,0.8685750759963561,0.9050703,0.8507780593118707,0.8670657329794911,90.78619384765624,92.73434,89.83617638255596,90.70562403911642
5,0.8636067458495175,0.9028361,0.8694759751218982,0.8794840198160111,90.52098083496094,92.61507,90.83428448659488,91.36852106227893
6,0.8649773886810054,0.9013108,0.8631218622666154,0.8745785559593724,90.59414672851562,92.533646,90.49509740289679,91.10666389706721
7,0.8641209870286305,0.900516,0.8660518546623363,0.8763911022549531,90.54843139648438,92.49123,90.6515024902153,91.20341891323831
8,0.8769702990702636,0.9004319,0.8635992540193763,0.8746490392378188,91.23433685302734,92.48673,90.52058091571571,91.1104263448251
9,0.8678900404289606,0.9010266,0.8776274609898403,0.8846472106212787,90.74962615966795,92.51848,91.26941662578167,91.64413587613284
10,0.8505862106470788,0.90224826,0.8678818816762545,0.8781918140624925,89.82593536376953,92.583694,90.74919063961975,91.299542195983
11,0.8658342191059035,0.9039931,0.8515826438216586,0.8673057955546929,90.63988494873048,92.676834,89.8791256784969,90.71843875088537
12,0.8766274239761301,0.9061598,0.8643469713234827,0.8768908432595678,91.21603393554688,92.792496,90.5604945995905,91.23009544508785
13,0.8708025492527421,0.90865934,0.8768181755987493,0.8863705424858511,90.90509796142578,92.92592,91.22621639343839,91.73612856224044
14,0.8702887368461519,0.91140085,0.8719634025697557,0.8837946560564889,90.87767028808594,93.072266,90.96706514082074,91.59862590438532
15,0.8968437625817934,0.91432285,0.8691083651199033,0.8826727353523038,92.29519653320312,93.22824,90.81466120206174,91.53873697567724
16,0.8776556204860074,0.9173697,0.8960152318861544,0.9024215793163103,91.27091979980467,93.390884,92.25096897275391,92.59294437537596
17,0.8829665398786314,0.9204707,0.8790351321599706,0.891465818803636,91.5544204711914,93.55642,91.34455911850674,92.00811805223329
18,0.8791973435541266,0.92360413,0.8834317681068374,0.8954834888191954,91.35321807861328,93.72369,91.57925468637977,92.22258414795361
19,0.8656627100967492,0.92671657,0.8773393386212028,0.89215252474198,90.63072967529295,93.889824,91.25403644790443,92.04477490581615
20,0.8701172278369981,0.92975783,0.8683629783473666,0.8867814408478716,90.86851501464844,94.05217,90.77487192362712,91.75806261035765
21,0.8886201914412143,0.93265426,0.8687132246919015,0.887895559602904,91.85621643066406,94.20679,90.79356832372017,91.81753506544612
22,0.8827950308694775,0.9353957,0.8880311121464591,0.9022405057097052,91.5452651977539,94.35313,91.82477095706207,92.5832785368934
23,0.8517854873935874,0.9379747,0.8836738997881942,0.8999641551504267,89.88995361328125,94.49079,91.59217984851347,92.46176531777672
24,0.808440873055177,0.9403316,0.8525278673814835,0.8788689925643772,87.57618713378906,94.61661,89.92958238740366,91.3356904682011
25,0.8147797031093295,0.9423219,0.8086758033248568,0.8487696372537761,87.91455841064453,94.72285,87.58872787942263,89.72896537824502
26,0.8317408007212522,0.94381785,0.8146631320152186,0.8534095605098656,88.81995391845703,94.802704,87.90833576236058,89.97664779649283
27,0.8355098541215827,0.9447702,0.8311811079125618,0.8652578585027367,89.02114868164062,94.853546,88.79007711647536,90.60911840797192
28,0.8442473805929264,0.9451788,0.8363592085955903,0.8690051059328373,89.48756408691406,94.87536,89.06648783025601,90.80914915288609
29,0.8528133980551161,0.94508666,0.8422788460628684,0.8731211956047561,89.94482421875,94.87044,89.38248230734601,91.02886896017552
30,0.8632642995279068,0.9445961,0.8521235193059115,0.8798653030069359,90.50270080566406,94.84425,89.90799799825669,91.38887423140551
31,0.8553833176331126,0.94383276,0.8638171657462245,0.8878218544699279,90.0820083618164,94.8035,90.53221319937461,91.81360063279169
32,0.8397928628526777,0.94293416,0.8555984370089144,0.8817991525454917,89.2497787475586,94.75553,90.09349158778154,91.49210450134763
33,0.8320833899670371,0.941947,0.8404939396307428,0.8709298587032052,88.83824157714844,94.702835,89.28720272683253,90.91189383084347
34,0.8468171572467486,0.94089645,0.8318916241341344,0.8645930782963294,89.62474060058594,94.64676,88.82800497998741,90.57363196562395
35,0.8776556204860074,0.93981314,0.8467925342478685,0.8746987210503054,91.27091979980467,94.58893,89.62342620731465,91.11307839546915
36,0.8622363888663783,0.9387567,0.877040018712759,0.895555042279458,90.44783020019533,94.53254,91.23805853735261,92.2264037227814
37,0.871487870668486,0.9378141,0.8627536919236153,0.8852718192899206,90.94168090820312,94.48222,90.47544420696047,91.67747793309569
38,0.8798826649698707,0.9370113,0.8711001895008536,0.8908735350267724,91.38980102539062,94.43937,90.92098621050907,91.976501521087
39,0.8420201931848891,0.93640465,0.8782764681451763,0.8957149272949767,89.3686752319336,94.40699,91.30406109139493,92.23493849913429
40,0.8495585858338986,0.93597203,0.8454890675713046,0.872633957779268,89.77108001708984,94.383896,89.55384622490156,91.00285985696021
41,0.8737150580765233,0.9356839,0.8485171042096834,0.8746671566912089,91.0605697631836,94.368515,89.71548498393757,91.11139346743047
42,0.8670334958524119,0.93553907,0.8717651220282284,0.8908973173781491,90.7039031982422,94.36078,90.95648078385912,91.97777103999401
43,0.8259156401495155,0.93555343,0.8697091353862988,0.8894624480655446,88.50900268554688,94.36154,90.84673074808212,91.90117669099284
44,0.8262583723194746,0.9354148,0.8258880949519937,0.8587461157194778,88.52729797363281,94.35414,88.50753230322441,90.26151692610505
45,0.828142970481727,0.9350345,0.8253745572871388,0.8582725560639793,88.62789916992188,94.33385,88.48011929579468,90.2362379733757
46,0.8382509968603843,0.93435335,0.8281254832794344,0.8599938497339737,89.16747283935547,94.297485,88.62696569057034,90.3281218592006
47,0.8221467296733594,0.9333789,0.8396995728513555,0.8678033814540177,88.30781555175781,94.24547,89.2447988606401,90.7450002416749
48,0.8072415963086684,0.9321376,0.8208211585450124,0.8542161114213432,87.51216888427734,94.17921,88.23705561791675,90.01970206036079
49,0.8106679175390398,0.9306584,0.8079812672472609,0.8447844309325644,87.695068359375,94.10025,87.55165304741253,89.51623221772157
50,0.8091260515467465,0.9289465,0.809754462117337,0.8455120839199105,87.61276245117188,94.008865,87.64630745637687,89.5550748540334
51,0.8214611224092668,0.9270524,0.8098963767018806,0.8450431832481249,88.2712173461914,93.90775,87.65388295828593,89.53004460118312
52,0.8360238094523472,0.9250289,0.8212389875521869,0.8523759673386243,89.048583984375,93.799736,88.25935962882367,89.92147385459594
53,0.8466459340859432,0.9229595,0.8346919890172736,0.8611722561865269,89.6156005859375,93.68928,88.97749045807628,90.39102603751091
54,0.8699458617520189,0.92092663,0.846887480672681,0.8690992256199703,90.85936737060548,93.58076,89.62849451530244,90.81417332902592
55,0.8898194681877226,0.9189352,0.8690705167195573,0.8840299334981999,91.92023468017578,93.47445,90.81264082741174,91.61118518230992
56,0.9088365300468776,0.9171347,0.8893876936761024,0.8977118200768269,92.93537902832033,93.37834,91.89718624827866,92.34153406244262
57,0.9098642977842316,0.9156817,0.9091833790545613,0.9111328812721833,92.99024200439452,93.30078,92.95389407614513,93.05795989727837
58,0.8824525845478671,0.9147156,0.9097806496665634,0.9112611431153644,91.52698516845705,93.24921,92.98577680811378,93.06480660609974
59,0.8555548266422665,0.91431034,0.8837831761608405,0.892941347988339,90.0911636352539,93.22757,91.59801309935416,92.08688285425514
60,0.8456180234244143,0.9144121,0.8562432923851285,0.8736939469234657,89.56072998046875,93.23301,90.12791442845918,91.05944283475121
61,0.854184040886604,0.91490555,0.8458636183247968,0.8665762032165332,90.01799011230469,93.259346,89.57384001170821,90.67949259064159
62,0.873201102745759,0.9156918,0.8546299063861201,0.8729484902411581,91.03313446044922,93.30132,90.04179073120252,91.01964982448308
63,0.8822812184628873,0.91670114,0.8726404004136307,0.8858586276558744,91.51783752441406,93.3552,91.00320376938521,91.70880218289588
64,0.8857076826174327,0.917922,0.8816231776940432,0.8925128422943079,91.70074462890624,93.420364,91.48271083805797,92.06400891417621
65,0.8971863518275781,0.9193277,0.8852891138886932,0.8955007004923489,92.31348419189452,93.49541,91.67840113113371,92.22350291936286
66,0.9201438331720432,0.9209216,0.8965591006632966,0.9038678694972818,93.53897094726562,93.58049,92.28000107662659,92.6701483784898
67,0.9115775298615049,0.92274314,0.9200280428227238,0.9208425843921816,93.08169555664062,93.67773,93.53278997569642,93.57627078659603
68,0.888448968280409,0.92482275,0.912225528180784,0.9160047059596877,91.84707641601562,93.788734,93.11628616986444,93.3180213796093
69,0.8593238800425967,0.9271319,0.8892392296717438,0.9006070519872617,90.2923583984375,93.911995,91.88926113366087,92.49608361022308
70,0.855726192727246,0.9295688,0.8590925840534679,0.8802354808249611,90.10031127929688,94.04208,90.28001165329613,91.40863458779282
71,0.8745717455772469,0.93204075,0.8566616667465131,0.8792754098980657,91.1063003540039,94.17404,90.15024755076344,91.35738531582464
72,0.8665193975974729,0.9344632,0.8742362808551069,0.8923043694055053,90.67646026611328,94.30335,91.08839300747454,92.05288048243547
73,0.891704066349975,0.9367879,0.8670245165533265,0.8879535385404534,92.02083587646484,94.427444,90.70342387684207,91.82063002255362
74,0.9038680569758645,0.93896854,0.8907175196227156,0.9051928314677582,92.67015838623048,94.543846,91.96817330735847,92.74087579504852
75,0.9131195387779724,0.9410254,0.9021275311466977,0.913796896619583,93.16400909423828,94.65364,92.57724787400919,93.20016693973908
76,0.925112163318882,0.943019,0.9147611634344358,0.9232385122266759,93.80418395996094,94.76006,93.25164019120405,93.70416712609172
77,0.9607477335441749,0.9450168,0.9235207503757629,0.9299695775911437,95.70643615722656,94.86671,93.71923320012557,94.06347620403119
78,0.971026840159463,0.9470835,0.960654225436607,0.9565830176486881,96.25514221191406,94.97703,95.70144462764085,95.48412064738372
79,0.9590343585427276,0.9493153,0.9710949396998229,0.9645610566077013,95.61497497558594,95.09616,96.25877741402991,95.90999406665854
80,0.9569785372196701,0.95173895,0.9600293830624008,0.9575422542207984,95.50523376464844,95.22554,95.66809009530803,95.5353253808974
81,0.9530378318860112,0.9544017,0.9560217241063841,0.9555357144008665,95.2948760986328,95.36768,95.45415839709815,95.42821485180428
82,0.9667438314283682,0.95729375,0.953679237407587,0.9547636087233815,96.0265121459961,95.52206,95.3291147836052,95.38699929913508
83,0.992956410842399,0.9604205,0.9674661045431548,0.9653524438154317,97.4257583618164,95.688965,96.06506760086724,95.95223888118727
84,0.9753099918147322,0.96378386,0.9919022554678315,0.9834667368894632,96.48377990722656,95.86851,97.369486794816,96.919192786629
85,0.9789078220542574,0.9673705,0.9760508299817586,0.97344675189902,96.67583465576172,96.05996,96.52332637784944,96.38431882939649
86,0.9813062326231,0.97115654,0.978794648188238,0.976503220952073,96.80386352539062,96.26207,96.66979335394032,96.5474753310404
87,0.940360028853532,0.9751054,0.9799560794223118,0.9785008949331578,94.61812591552734,96.472855,96.73179138296082,96.65411259532198
88,0.9232275651566296,0.9791279,0.9432788507033091,0.9540335606656561,93.70358276367188,96.687584,94.77393471112295,95.34802881225532
89,0.9131195387779724,0.9830527,0.9229103839400535,0.9409530938865928,93.16400909423828,96.897095,93.68665140373155,94.64978415068758
90,0.9127769495321875,0.98671794,0.9121672748334045,0.9345324741964325,93.14572143554688,97.09274,93.11317656456417,94.30704688463015
91,0.9189444135013604,0.9899764,0.9145697198180326,0.9371917316623108,93.47494506835938,97.266685,93.24142079418996,94.44899994797616
92,0.9641739118503715,0.99272186,0.9177943179291378,0.9402725971239133,95.88932800292967,97.41324,93.41355214506687,94.61345874733763
93,0.9576637157112394,0.99498594,0.9632466494477453,0.9727684539164765,95.54180908203124,97.534096,95.83983007342592,96.34811079850105
94,0.9564644389647311,0.9968203,0.9574215121557647,0.9692411576949789,95.47779083251952,97.63202,95.52888008320578,96.15982120623887
95,0.9444715285754727,0.99831635,0.9574687066052857,0.9697230167848022,94.8376007080078,97.711876,95.5313993566377,96.18554318870173
96,0.9412164305059069,0.9995233,0.9422758762502189,0.9594501039509437,94.6638412475586,97.7763,94.72039521827548,95.63716776249188
97,0.9180650010569239,1.0004996,0.9433278838252576,0.960479406477897,93.4280014038086,97.828415,94.77655213420263,95.69211266673136
98,0.9156095637425378,1.0011554,0.9179988577801933,0.9429458133764331,93.29692840576172,97.86343,93.42447062844286,94.75615694068695
99,0.9050860567892053,1.0014161,0.9162517404754852,0.9418010623594052,92.73517608642578,97.87734,93.3312082585481,94.69504931356897
100,0.8945626927600471,1.0012423,0.9043873035793236,0.9334438024679136,92.17343139648438,97.868065,92.69787614088148,94.24893280999676
101,0.8984212166934858,1.0006009,0.895849028488482,0.9272746061109896,92.37940216064452,97.833824,92.24209691664771,93.91961670108846
102,0.9121017757328181,0.99947536,0.8973953729491145,0.9280193869207797,93.10968017578124,97.77374,92.32464188869028,93.95937363279876
103,0.9324470319436954,0.9978951,0.9120343453175511,0.9377926020364642,94.19572448730467,97.68939,93.10608069204088,94.48107483782017
104,0.9142063341993106,0.99598914,0.9323667783544592,0.9514534880026472,93.2220230102539,97.58765,94.19144049337676,95.21030269025741
105,0.9354287160678355,0.99381846,0.9142621574598296,0.9381290726322353,94.35488891601562,97.47178,93.22500289578147,94.49903587860258
106,0.9398134868110283,0.9915446,0.9350487534319173,0.9519975146532423,94.58895111083984,97.350395,94.33460623905873,95.2393432215278
107,0.9540198638875917,0.989315,0.9385297728864678,0.9537653449477582,95.34729766845705,97.23138,94.52042554444039,95.3337112656162
108,0.9599832321358713,0.9872726,0.9560316598086199,0.9654039598472961,95.6656265258789,97.12235,95.45468877198174,95.95498884377209
109,0.9454258332872397,0.98549175,0.9581810530650839,0.9663742688933767,94.88854217529295,97.02729,95.5694249195738,96.00678463385668
110,0.9570018338600804,0.98404294,0.9465935132829527,0.9578283539761827,95.50647735595705,96.94995,94.95087376767397,95.55059759023419
111,0.9606849898316593,0.9829748,0.9563824599973901,0.9643601821059764,95.70308685302734,96.89294,95.47341473667574,95.89927124224842
112,0.9482321494495202,0.98232484,0.9603661626286392,0.966953777352468,95.03834533691406,96.85824,95.6860676291547,96.03771920941338
113,0.9375332745343278,0.9820963,0.9497829482142416,0.959476981920898,94.46723175048828,96.84604,95.12112808289113,95.63860252773011
114,0.935954819953415,0.9822301,0.9367294795657265,0.9503796975951937,94.38297271728516,96.85318,94.42432460081996,95.15298299117396
115,0.9575277948214854,0.9826759,0.9358789683456111,0.9499180627616666,95.53455352783205,96.876976,94.37892370427095,95.12834059396074
116,0.9587556564028527,0.98336434,0.9576394729752561,0.9653569460965647,95.60009765625,96.91373,95.54051498746503,95.95247921617066
117,0.9515644265732054,0.9842861,0.9587405226381843,0.9664042166100499,95.21622467041016,96.96294,95.59928980508019,96.00838326436784
118,0.959106249402398,0.98541063,0.9519877558532391,0.962014642150017,95.61881256103516,97.022964,95.23882228981178,95.77406464370684
119,0.9771717221090975,0.98668444,0.9578153158278465,0.9664760595098972,96.58316040039062,97.09096,95.54990160456134,96.01221828968744
120,0.9678757908887837,0.98804355,0.9773257557626317,0.9805410930368329,96.0869369506836,97.163506,96.59138282686047,96.76301982764734
121,0.959106249402398,0.98948777,0.9686137625405361,0.9748759639442383,95.61881256103516,97.2406,96.12633040467327,96.46061118942292
122,0.9540198638875917,0.990983,0.9591592445339204,0.9687063858961869,95.34729766845705,97.32041,95.62164147901642,96.13127470556957
123,0.9231513865717303,0.9924797,0.9532062328862388,0.9649882795319028,93.69951629638672,97.40031,95.30386546433341,95.93279953156753
124,0.9228005077238365,0.9938998,0.9246193449433363,0.9454035119727255,93.6807861328125,97.47612,93.77787696299673,94.88735064757748
125,0.9196435985620107,0.9951136,0.9229177034158532,0.9445764876784202,93.51226806640624,97.54091,93.68704212257889,94.84320349990766
126,0.9231513865717303,0.99607,0.9187857171052477,0.9419710340209451,93.69951629638672,97.591965,93.46647374135955,94.70412252229254
127,0.9310438024004685,0.9967483,0.9245671023520968,0.9462214939510026,94.12081909179688,97.628174,93.77508821615339,94.93101510995773
128,0.9208711742950298,0.99716437,0.9297289602124202,0.9499596065793887,93.57779693603516,97.65038,94.0506318764539,95.13055823263032
129,0.9212220531429237,0.99734986,0.921283368425179,0.9441033332642177,93.59652709960938,97.660286,93.59980015318081,94.8179461792482
130,0.9191172088280829,0.99730545,0.9211729901038411,0.9440127468011739,93.48416900634766,97.65791,93.5939080795317,94.81311060913445
131,0.9163111785141514,0.99706227,0.9185659835581524,0.9421148861339868,93.33438110351562,97.644936,93.45474420763433,94.71180145085701
132,0.8882485885880472,0.99661636,0.9172115725184179,0.9410330157809742,91.8363800048828,97.621124,93.3824447787197,94.65405043850717
133,0.9038583381320121,0.995945,0.8883232973020617,0.9206098190348287,92.66963958740234,97.58529,91.84036800941003,93.56384560552911
134,0.9224499147242912,0.9950549,0.9037121005629566,0.9311149525088614,93.66207122802734,97.53778,92.66183332149163,94.12461713541371
135,0.9222742609140827,0.9939758,0.9213306206433006,0.9431242037393271,93.65269470214844,97.48018,93.6023225103419,94.76567954570325
136,0.9340254865246082,0.99279016,0.9240403869725217,0.9446653196497623,94.2799835205078,97.416885,93.74697177289751,94.8479454140009
137,0.9329732787534496,0.9915721,0.9325091804695699,0.9502280688229006,94.22381591796876,97.35186,94.1990420200158,95.14488893898286
138,0.9498106040304332,0.9903993,0.9324814390204553,0.9498568035904112,95.1226043701172,97.28926,94.19756116164311,95.12507053563456
139,0.9387611361156948,0.98934245,0.9505114696006282,0.9621607878909719,94.53277587890624,97.23284,95.16001707496414,95.78186600776793
140,0.9334993826390289,0.98845387,0.9382380485971346,0.9533028114147685,94.25189971923828,97.18541,94.50485309346313,95.30902089518361
141,0.9427950280109937,0.9877528,0.9345818304852481,0.950533143747358,94.74810791015624,97.14799,94.30968155858807,95.16117405640095
142,0.9466535519444331,0.98727274,0.941390652082707,0.9551552842414794,94.9540786743164,97.12236,94.67314131979495,95.40790721811061
143,0.9178894901708899,0.98702484,0.9475820338944575,0.9594148947153475,93.41863250732422,97.10913,95.00364170413154,95.63528826834171
144,0.8998244462367132,0.98694885,0.9185720802941176,0.939085128418483,92.45430755615234,97.10507,93.45506965575576,94.55007081949452
145,0.8835132248453094,0.9869405,0.8997123100685814,0.9258807858655271,91.58360290527344,97.10462,92.44832164738554,93.84521358061748
146,0.8878978526643279,0.98690146,0.8831760384504265,0.9142936834201203,91.81765747070312,97.10254,91.56560365462306,93.22668577406445
147,0.8752697872445029,0.98674667,0.8890443508880698,0.9183550701081905,91.14356231689452,97.09428,91.87885836496372,93.44348549699532
148,0.8691310510343632,0.9864118,0.8749521794049736,0.9083900864412543,90.8158721923828,97.0764,91.12660818351617,92.91154754970547
149,0.8831623459974153,0.9858129,0.8696223836170563,0.9044795511880368,91.56487274169922,97.04443,90.84209987666307,92.70280038413779
150,0.8554506349192054,0.9849177,0.881779855323623,0.912721232655598,90.08560180664062,96.99665,91.49107440185803,93.14274722886948
151,0.8614140031674852,0.9836928,0.8565435794383821,0.8946883769008891,90.4039306640625,96.93127,90.14394396589188,92.18014050571334
152,0.8668509816818372,0.9821226,0.8616863556758912,0.8978172349571631,90.69416046142578,96.84744,90.41846903553434,92.3471611840651
153,0.894211956836327,0.98021954,0.8649604321037864,0.8995381653667086,92.15470886230467,96.74586,90.59324157430962,92.43902567878771
154,0.9205204383713105,0.97806704,0.8958071150856458,0.9204851165348361,93.55907440185548,96.63095,92.23985954926069,93.55718889698998
155,0.9291146118958359,0.97579324,0.9188292041713243,0.935918433537679,94.01783752441406,96.509575,93.4687951120146,94.38103038441811
156,0.9219236679145374,0.97355676,0.9295924337903202,0.942781754587062,93.63397979736328,96.39019,94.04334399850548,94.74739936530402
157,0.9338501185627482,0.9714906,0.9214794416550866,0.9364828015890567,94.27062225341795,96.2799,93.61026668227123,94.4111567541945
158,0.9587556564028527,0.96972376,0.9334954364145919,0.944363933814723,95.60009765625,96.185585,94.25168906695859,94.8318572228115
159,0.9448997294016604,0.96833664,0.9586254108968909,0.9615387861248329,94.86045837402344,96.11154,95.59314505809222,95.74866310912311
160,0.9447243614398008,0.96740854,0.9460711610259006,0.9524723979193939,94.8510971069336,96.062,94.92299023101546,95.26469282953941
161,0.9617371976028183,0.96697056,0.9446195806798562,0.9513248932377554,95.7592544555664,96.03861,94.84550383511065,95.20343820983726
162,0.9594572711744663,0.9670329,0.9601860182756149,0.9622400856109236,95.6375503540039,96.04194,95.67645139489218,95.78609897671056
163,0.9619127084888525,0.96756876,0.9610276869549862,0.9629900074134427,95.76862335205078,96.07055,95.72138027029901,95.82613033828554
164,0.9650694747265035,0.96853995,0.9618974514427542,0.9638902198608648,95.9371337890625,96.12239,95.76780892003018,95.87418432185555
165,0.9773469471467829,0.96987605,0.9640555223600039,0.9658016809367317,96.59251403808594,96.19371,95.88300828735444,95.97621947966468
166,0.9866425925187482,0.9715412,0.9779266775484782,0.9760110658988487,97.0887222290039,96.2826,96.6234604610974,96.52120374269559
167,0.9883965579856949,0.97350967,0.9863277130953158,0.9824823237997471,97.1823501586914,96.38767,97.07191374042603,96.86664411261899
168,0.9736637911752036,0.97577333,0.9886236475078197,0.9847685536064259,96.39590454101562,96.508514,97.19447235961893,96.9886846930198
169,0.9864672245568883,0.9782766,0.9736571480555664,0.9750429927116961,97.07936096191406,96.642136,96.39554992654342,96.46952730435792
170,0.9675251978892384,0.9809767,0.986329341550311,0.9847235552805149,96.06822204589844,96.78627,97.07200066851708,96.98628265023515
171,0.9803284883467486,0.9838333,0.9676117912286343,0.9724782656379217,96.75167083740234,96.93876,96.0728444602191,96.3326203408765
172,0.9801534062332374,0.986791,0.9813574647006783,0.9829875416128014,96.74232482910156,97.09664,96.8065983302928,96.89361300041578
173,1.00348020364408,0.9898128,0.978379206461664,0.9818092878878804,97.98752593994139,97.25795,96.64761677777737,96.83071697481559
174,0.995236766043274,0.9927896,1.0048421930365588,1.0012264348829762,97.5474853515625,97.416855,98.06022990673962,97.86721815334407
175,1.0115479874346778,0.99570507,0.9940111135163917,0.9945193177762935,98.41819000244139,97.57249,97.48205914405114,97.5091874505142
176,1.0043570434533793,0.99855936,1.0123728352557237,1.0082288033206692,98.03433227539061,97.724846,98.46222096841372,98.24100958315572
177,1.0329455943408883,1.0013617,1.0030543187006216,1.0025465652466545,99.56040954589842,97.874435,97.96479189740035,97.93768765528014
178,1.0317178756836953,1.0041208,1.0340607610679422,1.0250788046057748,99.494873046875,98.02172,99.61993794248208,99.14047468967367
179,1.0346997027320097,1.0068771,1.0304330413820808,1.0233662662603185,99.65404510498047,98.16885,99.426287673948,99.04905816932752
180,1.043469101294221,1.0096663,1.0363345620513806,1.0283340905345075,100.12216186523438,98.31774,99.74131506341897,99.3142441781794
181,1.051712538895027,1.0125189,1.0416229700609803,1.0328917498285901,100.56220245361327,98.47002,100.02361406109738,99.55753528736454
182,1.0646913402385714,1.0154779,1.0526637589561099,1.041508023832143,101.25502014160155,98.62797,100.61297926004119,100.01747814928255
183,1.0887196094968536,1.0185707,1.0645002387230593,1.0507213655695815,102.53766632080077,98.79306,101.24481900617745,100.50929291339041
184,1.0983664195650618,1.0218161,1.0881897662974334,1.0682776767440494,103.05261993408205,98.96631,102.509382912287,101.44646134640195
185,1.097138557983694,1.0251269,1.098466194561961,1.0764644283297558,102.98707580566406,99.14304,103.05794599469743,101.88347599479741
186,1.1076620649370263,1.0285301,1.0974999359163582,1.0768090152381915,103.54882812499999,99.32471,103.00636641788404,101.90187029014828
187,1.114151537070886,1.032049,1.1070506580702943,1.0845501488072413,103.8952407836914,99.51254,103.51619078965467,102.31509753045773
188,1.1069603072412386,1.0356932,1.114379258828205,1.090773437732249,103.51136779785155,99.70708,103.90739673378529,102.64730113929497
189,1.1059079565459053,1.0394357,1.1077838428033115,1.0872794192084576,103.45519256591795,99.90686,103.55532871450241,102.46078793431049
190,1.118010061004325,1.0432255,1.1055700485187403,1.086866692006026,104.10121154785156,100.10916,103.43715479402083,102.43875626138555
191,1.137302966519869,1.0470695,1.117641237812589,1.0964697551788343,105.1310806274414,100.314354,104.08152350238333,102.9513746341369
192,1.1287087929953428,1.0509791,1.1374993770458173,1.1115433230396619,104.6723175048828,100.52305,105.14156516163546,103.75601245535351
193,1.160454395968852,1.0549383,1.12899788990291,1.1067800237960659,106.3669204711914,100.7344,104.68774970434434,103.50174413875078
194,1.134496650357589,1.0589614,1.1598336301290693,1.1295719764064343,104.98127746582033,100.94915,106.33378354717844,104.71839485203932
195,1.1232716715568167,1.0630523,1.134273442694116,1.1129071048378922,104.38208007812499,101.16753,104.96936248128088,103.82881210205129
196,1.1495801530917995,1.0671709,1.125465397388342,1.1079770476077218,105.78644561767577,101.387375,104.49918273024574,103.56564212499052
197,1.1318659880055173,1.0712919,1.1464632689858547,1.123911877267912,104.84085083007812,101.60736,105.62006411734698,104.41625471635679
198,1.1501063999015533,1.0753723,1.1342517866429032,1.1165879700199204,105.81453704833983,101.82518,104.96820646579572,104.02529931513877
199,1.1329180528525016,1.079386,1.1501584079966851,1.128926708198998,104.89701080322264,102.03943,105.81731327761342,104.68394997413613
200,1.160279028006992,1.0832981,1.1310508113473956,1.1167250060001228,106.35755920410155,102.24826,104.79733611769194,104.03261439366274
201,1.1608052748167457,1.0870867,1.1619869331043273,1.1395168623988745,106.38565063476561,102.4505,106.4487283983529,105.24925997110647
202,1.1625592402836928,1.0907397,1.1588231612490163,1.1383981429013195,106.47927856445312,102.6455,106.27984399646559,105.18954192509533
203,1.149755663977834,1.0942836,1.1647854771294313,1.1436349320664685,105.79581451416016,102.83467,106.598116677739,105.46908547197958
204,1.138004581291483,1.0976956,1.1481401481391527,1.1330067923380014,105.16853332519533,103.01681,105.70957712454017,104.90174778035558
205,1.1406353865677286,1.1009266,1.1392381958487015,1.1277447462703454,105.30896759033203,103.189285,105.23438455157425,104.62085600197155
206,1.1546666815307804,1.1039255,1.1401370015549794,1.1292735529706572,106.05796813964844,103.349365,105.28236344229701,104.70246479583892
207,1.181325898989483,1.1066384,1.1547204899111696,1.1402958962443983,107.4810562133789,103.49419,106.0608404694352,105.29084535433518
208,1.1964096875720425,1.1090893,1.1809709241632582,1.1594064235141648,108.28623962402344,103.62501,107.46210740355517,106.31097895287138
209,1.1795720764467106,1.1113367,1.195985006062105,1.1705905285850566,107.38743591308595,103.74498,108.26356982162349,106.90799447166485
210,1.1823782496848163,1.1134479,1.1800560564047964,1.1600736227803239,107.5372314453125,103.85768,107.41327110901183,106.34659452635712
211,1.2009695404287464,1.1154518,1.1819057985997263,1.1619696147639795,108.52964782714842,103.964645,107.51201166886355,106.44780393297263
212,1.2032497527054473,1.1173873,1.2003673775763248,1.175473358694678,108.65136718750001,104.06796,108.49750394389109,107.16864343129085
213,1.2292074983167103,1.1192921,1.2046485756641112,1.1790416568879125,110.0370101928711,104.16965,108.72603735637568,107.35912173809683
214,1.1690485694933779,1.121172,1.2284305066375745,1.1962529579158792,106.82568359375,104.27,109.99553382194314,108.2778732830072
215,1.19904020699994,1.1230218,1.1697012328319842,1.1556974152971473,108.4266586303711,104.368744,106.86052322903828,106.11298944447032
216,1.1932524925618684,1.1248099,1.1994239637569226,1.1770397389452603,108.11770629882812,104.46419,108.44714384022099,107.25225792811483
217,1.1737840761602905,1.1265365,1.190784503551971,1.1715101109672146,107.0784683227539,104.55636,107.98596328230774,106.95708243618925
218,1.1769411282462898,1.1281776,1.1790115016466647,1.163761343999345,107.24699401855467,104.64396,107.35751202977562,106.54344771959738
219,1.2000928435436218,1.1297206,1.1729171629520487,1.1599581965844394,108.48284912109375,104.726326,107.03219187636086,106.34043299355844
220,1.2065820298291325,1.131171,1.2003173059262977,1.179573410573274,108.8292465209961,104.80375,108.49483108344063,107.38750712971503
221,1.1976372633050612,1.1325481,1.207240155367515,1.1848325547773868,108.35176849365234,104.87726,108.86437773241069,107.66824400454998
222,1.2023727699719733,1.1338894,1.1976381809184384,1.1785135636199118,108.60455322265622,104.94886,108.35181747650996,107.3309317421724
223,1.168522322683624,1.1352198,1.2014424133916037,1.1815756390525436,106.79759216308594,105.01988,108.554890123734,107.49438751636352
224,1.1701009201887111,1.1364663,1.1696820011998161,1.1597172802572908,106.8818588256836,105.08642,106.85949663077375,106.32757270790064
225,1.207283644600746,1.1375859,1.1708040993801676,1.1608386509591684,108.86669921875,105.14618,106.91939503328635,106.3874322770926
226,1.2221919222972715,1.138543,1.204865768744512,1.184968964890415,109.66251373291016,105.19727,108.73763127817381,107.67552567383707
227,1.2190347272870974,1.1393957,1.2236545555268927,1.198376908971135,109.49398040771484,105.24279,109.74059013963667,108.39125130772243
228,1.2158186475171138,1.1401997,1.2187647832514608,1.1951952585734162,109.32230377197266,105.285706,109.47957060224009,108.22141253646866
229,1.2127810800408247,1.1409372,1.2145389037717225,1.1924583953790058,109.16015625000001,105.32508,109.25399013657362,108.07531682389079
230,1.2195709787890516,1.141612,1.2133947497971098,1.191859964575079,109.52260589599608,105.3611,109.19291438000631,108.04337216004832
231,1.2390463984751703,1.1422441,1.2200174754650028,1.1966854749176346,110.56221771240234,105.394844,109.54644020754294,108.30096134955818
232,1.2604875972545408,1.1428604,1.2385192055492338,1.2098215795846894,111.70676422119142,105.42774,110.53407577738052,109.00217600133553
233,1.2397611622708191,1.1435018,1.2601550428189765,1.2251590694668444,110.60037231445312,105.461975,111.68901222783862,109.82090216860087
234,1.247801504619952,1.1442194,1.2402872971170424,1.2114669394524191,111.02957153320311,105.50028,110.62845776842396,109.0900064865472
235,1.2647756083317354,1.1449678,1.247474861089234,1.2167227649298222,111.93566131591794,105.54023,111.01213506817386,109.37056620537945
236,1.2783549770556673,1.1457863,1.2634997414843117,1.2281857225405286,112.66053771972655,105.58392,111.86755463210214,109.98246707196503
237,1.2572712316362087,1.1467128,1.279984010616554,1.240002647391686,111.53507232666017,105.633385,112.74749669501514,110.61326296272597
238,1.2817497120435193,1.1477706,1.2570562449648413,1.2242705763665938,112.8417510986328,105.68985,111.52359618455255,109.77347377215536
239,1.2985451605374347,1.1489645,1.2810060660356832,1.2413936154266385,113.7383041381836,105.75358,112.80205474346154,110.68751383016225
240,1.3378537391179313,1.1502993,1.2975077284713166,1.2533452031351828,115.83662414550778,105.82484,113.68292527333563,111.32549812045585
241,1.2785334893493618,1.151784,1.3389587760072108,1.2828063321183927,112.6700668334961,105.90408,115.89561180411411,112.89815423309636
242,1.2715652212316146,1.15343,1.278663061402455,1.241093156377028,112.29809570312501,105.99195,112.67698348225862,110.67147511144113
243,1.2681704862437626,1.1552023,1.2729639568357247,1.2376354566117131,112.11688232421876,106.086555,112.3727612089522,110.48690062773086
244,1.2444067696321,1.1570386,1.2658737158707472,1.2332231838655654,110.84835815429688,106.18458,111.99427908085653,110.25137035634103
245,1.232256785575292,1.1588643,1.2489303766649487,1.2219105535023476,110.19978332519533,106.282036,111.08983152944987,109.64749406562262
246,1.2486947807092954,1.1604881,1.2308060358122939,1.2097106636672383,111.07725524902345,106.36872,110.12234126640692,108.99625523042184
247,1.2365449395766612,1.1618857,1.2476309691516345,1.2219074058784494,110.4286880493164,106.44332,111.02046822807098,109.64732604321021
248,1.2342221358960206,1.1630374,1.2374556314998122,1.2151301678456143,110.30469512939453,106.5048,110.47730143478755,109.28555223524678
249,1.276210828592896,1.1639416,1.2344641623412937,1.2133074001730242,112.54608154296878,106.55307,110.31761467395089,109.18825159466861
250,1.2669197567945076,1.1646078,1.2736530994883908,1.2409395105499241,112.05011749267577,106.58863,112.4095481360864,110.66327338742322
251,1.2903261629704326,1.1650587,1.2680340412403064,1.2371414723199052,113.29956817626952,106.6127,112.10959879245571,110.4605313933236
252,1.2869312850584067,1.1653783,1.290479153331649,1.2529489248549663,113.11834716796876,106.62976,113.30773491105009,111.30434450275015
253,1.311946016967672,1.1656487,1.2848047103475944,1.2490579068853447,114.45365142822267,106.644196,113.00482909064553,111.09663918372429
254,1.3180207231477272,1.1659372,1.3135623296267318,1.2692747863249547,114.77792358398436,106.65959,114.53993135268372,112.175830651483
255,1.3131966034927522,1.1663051,1.3164418570906564,1.271400843351826,114.52040863037111,106.67923,114.69364258588995,112.28932109446762
256,1.2728159506808687,1.1667922,1.3148596253849294,1.270439401944484,112.36486053466795,106.70523,114.6091819270658,112.23799866527409
257,1.2824644758391681,1.1674039,1.2729212793587852,1.2412660824274466,112.87990570068358,106.73789,112.37048305474367,110.6807060275537
258,1.2769255923885439,1.1681278,1.282640749365115,1.2482868809551166,112.58423614501952,106.776535,112.88931530743135,111.05548126873506
259,1.279605849429096,1.1689271,1.2765028866532258,1.2442301665427253,112.72731018066405,106.8192,112.56167181088027,110.83893095521789
260,1.2967586083587483,1.1697893,1.2813322496882944,1.2478693750232763,113.64293670654295,106.86523,112.81946665986891,111.03319450382031
261,1.2799631598648338,1.170711,1.2944896283095915,1.2573560758076199,112.7463836669922,106.91443,113.52181693052216,111.53960136914417
262,1.254948427955568,1.1716728,1.2810354407285192,1.2482266607839043,111.41107940673828,106.965775,112.80362278555087,111.05226667297347
263,1.2447639371436634,1.1726104,1.2558104217602168,1.2308504218247878,110.8674240112305,107.015816,111.45709325185302,110.12471062346394
264,1.2161761008770258,1.1734749,1.2440302877965843,1.2228636976619853,109.34138488769534,107.061966,110.8282612849522,109.698373581806
265,1.1725792253709848,1.1741748,1.21763030409873,1.2045936664347083,107.01415252685548,107.09933,109.41901129457669,108.7231062624821
266,1.1679337609338774,1.174592,1.1739936919927478,1.1741732077145492,106.76617431640624,107.121605,107.0896577656435,107.09924044312226
267,1.1820490953114153,1.1746547,1.1669636223015756,1.1692709641961554,107.51966094970705,107.12495,106.71438762313092,106.8375551818667
268,1.1665043762667544,1.1743217,1.1815202245453684,1.1793606585798444,106.6898727416992,107.10717,107.49142945038146,107.37615027631222
269,1.1847290665036185,1.1735499,1.1677798348321664,1.1695108515379729,107.6627197265625,107.06597,106.75795763112956,106.8503605395524
270,1.2151040266456392,1.1723773,1.1835760126457209,1.1802164191963191,109.28415679931639,107.00338,107.60116888786722,107.42183138938914
271,1.222608260416992,1.170903,1.2131662991531469,1.2004873234849616,109.68473815917967,106.924675,109.18071952142266,108.50390674218546
272,1.1866945597485214,1.169244,1.223957730780839,1.2075436268404713,107.76763916015624,106.83612,109.75677385128571,108.88057725644214
273,1.2018818254332708,1.1674805,1.1871848730419292,1.1812735755962083,108.5783462524414,106.741974,107.79381243404625,107.47826315326522
274,1.2143892628499908,1.1656784,1.200927712989679,1.190352919629198,109.24600219726564,106.64578,108.5274150485688,107.96292502417943
275,1.203311353024568,1.1638968,1.213545418801905,1.1986508388480552,108.65465545654295,106.550674,109.2009571991227,108.40587388025246
276,1.222608260416992,1.1621876,1.2056709091842173,1.1926259331589937,109.68473815917967,106.459435,108.78061025005088,108.0842601102783
277,1.2267179021246672,1.1606047,1.2209054065742801,1.202815211127112,109.90411376953124,106.37495,109.59383860450882,108.6281710476048
278,1.2510174414657613,1.1592069,1.2261044759465891,1.206035211209411,111.20124053955078,106.30032,109.87136864190364,108.80005695241913
279,1.2940783513181966,1.1580393,1.2516961969191542,1.2235991491951839,113.49986267089844,106.238,111.23747299056699,109.73763251006685
280,1.3073004096063907,1.1571566,1.291989262187926,1.2515394714465873,114.2056655883789,106.19088,113.38834560064484,111.2291068728741
281,1.2599513457525862,1.1566305,1.3079841934966154,1.2625780902633046,111.67813873291016,106.162796,114.24216646094558,111.81835623148194
282,1.2679918310258933,1.1564829,1.261263748076109,1.2298295220202045,112.10734558105466,106.15492,111.7481957065417,110.07021426254761
283,1.2962224997809684,1.1566865,1.2671194844661056,1.2339896024517745,113.61431884765625,106.16579,112.06077909847441,110.29228232801493
284,1.299974688128732,1.1572113,1.2947620501336208,1.2534968440882093,113.81461334228514,106.1938,113.5363590021115,111.3335928228632
285,1.3106951445942432,1.1580323,1.302203103993115,1.258951868182067,114.38687896728517,106.237625,113.933567773143,111.62478590615258
286,1.3523265268553804,1.159127,1.3095890643217265,1.2644504620048074,116.60919189453124,106.29606,114.32783561213623,111.91830477269663
287,1.3305281605644472,1.1604743,1.3504383579844186,1.2934491466649138,115.4455795288086,106.36798,116.5084000912603,113.46627527699202
288,1.3435712777864244,1.1620333,1.3316554926120636,1.2807688585518178,116.14183044433594,106.4512,115.50575731889496,112.78939243850785
289,1.343928731146336,1.1638024,1.3442197644333143,1.2900945685837732,116.1609115600586,106.54564,116.17644712483649,113.2872055024548
290,1.3387470152072747,1.1657579,1.3417490476422747,1.2889517255462475,115.88430786132812,106.650024,116.04455849740994,113.22619972464574
291,1.3249891341896491,1.1678817,1.3411616515920337,1.2891776921614053,115.14990234375001,106.763405,116.01320287660263,113.23826198399715
292,1.2917556905617302,1.1701206,1.324337670398553,1.2780725602656204,113.3758773803711,106.882904,115.11512674116481,112.64546210971064
293,1.313732569146358,1.1723831,1.292780429027545,1.2566612391982945,114.54901885986328,107.003685,113.43057865176635,111.50251049453566
294,1.317484757494122,1.1746147,1.3131706438680948,1.2716038689567966,114.7493133544922,107.12281,114.5190228870609,112.3001587463058
295,1.2822856776971254,1.1767727,1.3167581239396955,1.274762500856145,112.870361328125,107.238,114.71052513623792,112.46876877367177
296,1.2760320304508528,1.1787943,1.2848553004405523,1.2530370016673342,112.53653717041017,107.34592,113.00752962595003,111.30904610591787
297,1.3037267335523213,1.1806266,1.2748169956127708,1.2465598921243282,114.01490020751952,107.44373,112.4716777427124,110.96329337115826
298,1.3349951127078596,1.1822145,1.3023657062713117,1.2663203499063518,115.68402862548828,107.528496,113.94224759891887,112.01812072475984
299,1.3558997741369274,1.1835938,1.3353072345768537,1.289793195164262,116.79993438720705,107.60212,115.7006899138402,113.27111797401514
300,1.3739462379284455,1.1848228,1.355352578517207,1.30419365025509,117.76326751708986,107.667725,116.77072469410079,114.0398245546863
301,1.3986032306294507,1.1859775,1.3730409215468669,1.316921882768964,119.07947540283203,107.72936,117.71494108186822,114.71926669953628
302,1.411110525121996,1.18714,1.398011950011099,1.3347503792728297,119.7471237182617,107.79142,119.0479124210038,115.67096457988478
303,1.4000326152965736,1.1884034,1.4112093499625256,1.3443675553726324,119.15577697753905,107.858864,119.75239905885127,116.18433631076157
304,1.3852025171233877,1.1897893,1.4007389975202833,1.337454110665016,118.3641357421875,107.932846,119.19348416529179,115.81529169319
305,1.4098599385969157,1.1913068,1.3853976876912526,1.327170454061489,119.68036651611327,108.01385,118.3745540865332,115.26634275687974
306,1.4068222281964524,1.1929479,1.4091775776817395,1.3443086816183523,119.5182113647461,108.10145,119.64394160297125,116.18119358769772
307,1.4100384508906099,1.1947014,1.4070038027059453,1.3433131097300839,119.6898956298828,108.19505,119.52790394178264,116.12804924904896
308,1.4545286024859938,1.1965618,1.4110558304832774,1.3467076372655709,122.06481170654295,108.294365,119.74420407937215,116.30925155399974
309,1.435946458889219,1.198535,1.4521133474029932,1.3760398328366363,121.07288360595705,108.3997,121.9358836647143,117.87502510898784
310,1.4504191037024934,1.2006254,1.4368795121015538,1.3660033081979552,121.84544372558594,108.511284,121.1226906530201,117.3392682535162
311,1.4491685171774131,1.2027851,1.4514234924446794,1.3768319969268517,121.7786865234375,108.626564,121.89905871419573,117.91731139405864
312,1.4334449999907095,1.2049015,1.446790233803,1.3742236245538237,120.9393539428711,108.73954,121.65173205782645,117.77807461332215
313,1.4661426208891966,1.2069823,1.436113187132516,1.3673739313292175,122.68477630615233,108.85061,121.08178367869763,117.41243309545877
314,1.4352318380177445,1.2090331,1.4643311085579258,1.387741715470376,121.0347366333008,108.96008,122.5880764837348,118.49967996399494
315,1.4227244006010245,1.2110515,1.435744707798099,1.3683367585247703,120.36708068847656,109.06783,121.06211398857876,117.46382949901701
316,1.4438080030963092,1.2130016,1.4249518290966177,1.361366763022204,121.49253845214845,109.17193,120.485982412883,117.0917661596102
317,1.4227244006010245,1.2148733,1.4404851985905127,1.3728016570263593,120.36708068847656,109.27184,121.31516477376266,117.70216897082902
318,1.4130760183668998,1.2166559,1.4249083576318204,1.3624326114258771,119.85204315185548,109.36699,120.48366187503541,117.14866190885796
319,1.408072957645707,1.2183337,1.4139499859557514,1.355265112477757,119.58497619628906,109.456566,119.89869616612526,116.76605569442778
320,1.4523845969473963,1.219897,1.4062787915157315,1.3503642755171583,121.95036315917967,109.540016,119.48920232648909,116.50444551623221
321,1.4388050852992906,1.2213634,1.4523890045339893,1.3830813367107035,121.22547912597656,109.618286,121.95059843930086,118.25090561635213
322,1.4275486631801741,1.2227654,1.4385429845689433,1.3738097229110289,120.62460327148438,109.69313,121.21148800174153,117.75598024793157
323,1.4672145521964084,1.2241119,1.4294224131515958,1.3678292635965283,122.74199676513672,109.765,120.72462538359677,117.43673905718471
324,1.4645342951558566,1.2254194,1.463788542773519,1.3922778124991415,122.5989227294922,109.8348,122.55911393454521,118.74182006405303
325,1.4891915737052104,1.2267163,1.4655118048674325,1.3938731652836522,123.91514587402344,109.90403,122.65110289624519,118.82698113543657
326,1.5202810117945313,1.2280347,1.490098957665647,1.4114797086651318,125.57472229003906,109.97441,123.96358267808162,119.76683099954512
327,1.5386846430976129,1.2294106,1.5172250017384967,1.4308807016811962,126.5571212768555,110.04786,125.4115902899839,120.80246986713225
328,1.5342178338783747,1.2309034,1.5400769846925564,1.4473249292475578,126.31867980957034,110.12754,126.6314454659054,121.6802744826522
329,1.5531572879108868,1.2325362,1.5342880128402503,1.443762479921708,127.32968139648436,110.2147,126.32242601269226,121.49010839256573
330,1.5381485345198325,1.234314,1.5527784906653643,1.457239156760738,126.52850341796876,110.3096,127.30946092889937,122.2095030301935
331,1.5197451890651,1.2362272,1.5382434543421923,1.4476385644590597,125.54611968994142,110.41172,126.5335703058986,121.69701655430833
332,1.5206381793060944,1.2381804,1.5216512719221003,1.436610010027782,125.59378814697267,110.51599,125.64786775458514,121.10830443978543
333,1.54672512837092,1.2401423,1.5192709132437319,1.4355323548200811,126.986328125,110.62073,125.5208025077663,121.05077843490369
334,1.54029254005843,1.2421021,1.5464335872875843,1.4551341668668423,126.64295196533203,110.72534,126.97076545368978,122.09713716581783
335,1.537076746136795,1.2440543,1.540696355959851,1.4517037503746697,126.4712905883789,110.82955,126.66450794664264,121.9140190827195
336,1.54672512837092,1.2459713,1.5377242877190263,1.4501983980212076,126.986328125,110.93188,126.5058568206528,121.83366229864313
337,1.5781713051992812,1.2478423,1.5452192167426784,1.456006145277614,128.66494750976562,111.03175,126.90594148643635,122.14368399634061
338,1.5969323898622738,1.2496828,1.578051655507044,1.4795410000395468,129.6664276123047,111.13,128.6585605237143,123.39999135722123
339,1.6244487235942224,1.2515113,1.5965822409550094,1.493060981201313,131.13526916503906,111.22761,129.64773641348276,124.12169761053397
340,1.6026505002274636,1.25336,1.6244332352073667,1.513111298397598,129.97166442871094,111.326294,131.13444238388354,125.19199786674919
341,1.5345752872382854,1.2552614,1.6026491237387965,1.4984328368200994,126.33776092529294,111.427795,129.9715909507625,124.40845110120712
342,1.399317994425099,1.2571266,1.5371438444009473,1.4531386798864339,119.1176300048828,111.52735,126.47487234165546,121.99061664519479
343,1.4493471723952815,1.2588139,1.3991100861725414,1.3570212415723049,121.78822326660156,111.617424,119.10653171382818,116.85979912010234
344,1.4430933822248346,1.2601857,1.4493871833759244,1.3926267498845246,121.45439147949219,111.69065,121.79035908133278,118.7604465909714
345,1.4747189288919356,1.2611755,1.4416251285298358,1.3874902618325335,123.14258575439452,111.743484,121.37601504830849,118.48625718916428
346,1.4825806160232005,1.2617779,1.4807716811427234,1.4150735699445138,123.56224822998048,111.77564,123.46568599372769,119.95867388215234
347,1.5000908283127643,1.2620342,1.4774296304909136,1.4128110244800072,124.49695587158205,111.78933,123.28728494231792,119.83789758885716
348,1.5356469326971487,1.2620276,1.501318242203726,1.4295310857256982,126.39496612548827,111.78897,124.56247610196633,120.73042640323985
349,1.5658432376213014,1.261848,1.533512906099908,1.4520134380518264,128.00686645507812,111.77939,126.28105026114373,121.93055043217211
350,1.5781713051992812,1.2616148,1.56571660379953,1.4744860803909179,128.66494750976562,111.76694,128.00010665120269,123.1301561350594
351,1.6358838009312078,1.2614198,1.5780465301285185,1.4830585268623628,131.7456817626953,111.75653,128.65828692734695,123.58775945200236
352,1.6558954721192807,1.2613233,1.6345421212641287,1.5225765026022515,132.8139190673828,111.75137,131.67406194354854,125.6972572292917
353,1.662148976441379,1.2614294,1.6552003658013361,1.5370691026586067,133.14773559570312,111.75704,132.7768137955355,126.4708825740526
354,1.6426821322057186,1.2618251,1.6636723454431976,1.5431181910579799,132.10858154296875,111.77817,133.22905412134014,126.79378723437972
355,1.6505052298099234,1.2624893,1.6411128738568928,1.5275258192750507,132.52618408203125,111.81362,132.02481341120438,125.96145528915922
356,1.6566912739217545,1.2633983,1.65062404092644,1.5344563274735812,132.8563995361328,111.86214,132.53252630431155,126.33141076806622
357,1.693259567308496,1.2645137,1.656132172274393,1.5386466696952397,134.80844116210938,111.921684,132.8265542907652,126.55509422950799
358,1.6681526493068102,1.2658243,1.693944514952329,1.5655084618067332,133.4682159423828,111.991646,134.8450041566751,127.98899588292711
359,1.6888935196321357,1.2673,1.667977927790961,1.5477745642928449,134.57537841796875,112.07041,133.45888918304286,127.0423477642467
360,1.6930777677587927,1.2688985,1.6894020663463136,1.5632510104511321,134.79873657226562,112.15575,134.60252500488573,127.86849151680462
361,1.705813169233513,1.2705975,1.6909406616755853,1.5648377064990968,135.4785614013672,112.24644,134.68465632276016,127.95319048540682
362,1.7471119669410662,1.2723385,1.7077985276126233,1.57716052815719,137.68312072753906,112.33937,135.58454125001688,128.61099150914302
363,1.776403133069409,1.2741427,1.7453332593412134,1.6039761101464085,139.2467041015625,112.43569,137.58817204512084,130.04242643322183
364,1.7138183522357697,1.2760439,1.776653656380332,1.6264707449196472,135.9058837890625,112.53718,139.26007721487755,131.24320610795564
365,1.7394706688865647,1.2780278,1.7152681000126537,1.5840960078403548,137.2752227783203,112.643074,135.98327236111632,128.9812123694515
366,1.7780404724101313,1.2800745,1.7384064317890018,1.600906857331952,139.3341064453125,112.75233,137.21841304174387,129.87858752526128
367,1.7685797496168556,1.2821684,1.7750695334417466,1.6271992018401613,138.82908630371094,112.864105,139.17551560069228,131.28209165879434
368,1.7834984607781044,1.2842972,1.772234455545603,1.6258533110816291,139.62545776367188,112.977745,139.0241771171697,131.21024704857732
369,1.7340126805185916,1.2864625,1.782380374200614,1.6336050553612214,136.98387145996094,113.09333,139.5657735033859,131.624040696196
370,1.7687618350149075,1.288625,1.7334317233272487,1.599989736703601,138.83880615234375,113.20876,136.95285955004167,129.8296309709138
371,1.7449283714061892,1.2907498,1.7698765956968252,1.6261385594335325,137.56655883789062,113.32219,138.89831287394796,131.22547380938803
372,1.7693078053607136,1.2928166,1.7432735725557196,1.608136510354357,138.86795043945312,113.43252,137.47822449303695,130.2645115685807
373,1.7702173748059264,1.2947924,1.77188853875133,1.628759725081253,138.91650390625,113.53799,139.00571183156273,131.3653935042674
374,1.7753117640744933,1.2966833,1.7672669784233581,1.6260918902560002,139.18844604492188,113.63892,138.75900963953663,131.22298257535013
375,1.788046879700865,1.2984852,1.777393176632307,1.6337207835257326,139.86825561523438,113.7351,139.29955333425346,131.6302183482957
376,1.7967795467502827,1.3001789,1.7863783395883974,1.640518527191706,140.33441162109375,113.825516,139.77918775199825,131.99308676160564
377,1.7583918286247675,1.3016982,1.7971707834390496,1.64852903460576,138.28524780273438,113.906624,140.3552961150461,132.42069337020655
378,1.6796148822369115,1.303075,1.7593364515291383,1.622458032654793,134.080078125,113.9801,138.33567244822387,131.02900466050986
379,1.62194183357709,1.3042779,1.6808060458742222,1.5678476250181443,131.00144958496094,114.04433,134.1436632909466,128.11386208628906
380,1.6121175116844082,1.3052168,1.6214333034292325,1.5265683670555377,130.47702026367188,114.094444,130.97430388236597,125.91034580566195
381,1.6086610334532607,1.3058217,1.6119700115137854,1.5201255290557434,130.29251098632812,114.12673,130.46914659918747,125.56642251036313
382,1.6310383855742625,1.3060539,1.6098307350459757,1.5186976835556967,131.48703002929688,114.13913,130.35495049300138,125.49020309749426
383,1.593742036443663,1.3058996,1.6317356449185354,1.5339848672621428,129.49612426757812,114.1309,131.52425023122774,126.30624388516068
384,1.6092067179507183,1.3054023,1.5933372534274395,1.5069567729901805,130.32164001464844,114.10435,129.47451666098843,124.86346490360671
385,1.6168477301568718,1.3045846,1.609328198863004,1.5179051318795025,130.72952270507812,114.06069,130.3281247525342,125.44789612280701
386,1.5828263455560654,1.3035175,1.6150160874001114,1.521566517308389,128.91343688964844,114.00373,130.63174830616643,125.64334349275514
387,1.6197588097389102,1.3022509,1.5855924136243762,1.5005899660549313,130.88491821289062,113.93612,129.06109157925954,124.52360020085116
388,1.623397373368109,1.3008585,1.617921876642359,1.5228028808169334,131.0791473388672,113.86179,130.78686141186142,125.70934146011975
389,1.6354050049473199,1.2994125,1.6225987376377695,1.5256428809090454,131.72012329101562,113.78461,131.0365155930231,125.86094269397962
390,1.6455932117877565,1.2979863,1.6377397805857865,1.5358137390301372,132.26397705078125,113.70847,131.8447552825992,126.4038703667124
391,1.6355868044970232,1.2966338,1.6433060794334753,1.5393044194065333,131.72982788085938,113.63628,132.1418882917446,126.5902053790041
392,1.6570551588695093,1.2953885,1.6366598524082288,1.5342784585754086,132.87582397460938,113.5698,131.78710794496268,126.3219159992093
393,1.7019922343579137,1.2942855,1.6565469992918063,1.5478685662084422,135.27459716796875,113.510925,132.848698053314,127.0473656536578
394,1.711271157601486,1.2933676,1.7010887489349042,1.5787724174997484,135.76991271972656,113.46193,135.2263684706236,128.69703531380912
395,1.7512965009160721,1.2926742,1.7124899371224873,1.5865452290207904,137.906494140625,113.424904,135.8349720412738,129.1119535458272
396,1.766760896574779,1.2922208,1.750938091244798,1.6133229191070306,138.73199462890625,113.40071,137.8873619763186,130.54136577305442
397,1.79586997730507,1.2920215,1.7656707297885772,1.6235759826289662,140.28585815429688,113.390076,138.67380074702567,131.08868162881313
398,1.7372873592000357,1.2921146,1.7974931794125788,1.6458796221418446,137.15867614746094,113.395035,140.37250584243807,132.27926584009876
399,1.7472937664907695,1.2925047,1.7370795429078627,1.6037071103085598,137.6928253173828,113.415855,137.14758276531734,130.02806702969954
400,1.7773127025146218,1.2931576,1.7476829901543316,1.61132538424382,139.29525756835938,113.450714,137.71360235461157,130.43473593498436
401,1.788046879700865,1.2940453,1.774646080781916,1.6304658612359855,139.86825561523438,113.4981,139.15291139518897,131.45646827109883
402,1.7669426961244818,1.2951472,1.791246901916168,1.6424170033898864,138.74169921875,113.55692,140.03907508723594,132.09442877736726
403,1.7907758738848516,1.2964314,1.7663568194730415,1.6253792301035257,140.01393127441406,113.62547,138.71042470453617,131.18494026727487
404,1.7682158646691009,1.2978415,1.7897323364675262,1.642165106163636,138.80966186523438,113.70075,139.95822650155688,132.08098232347047
405,1.7649414718360048,1.2993429,1.7682541852568994,1.6275808028144425,138.63487243652344,113.78089,138.81170744558793,131.3024617914235
406,1.752933554408446,1.3008709,1.7664986501359854,1.6268103475527702,137.99388122558594,113.86246,138.71799572665026,131.2613343391295
407,1.7940508384146447,1.3023764,1.751231430935253,1.6165749483080432,140.18875122070312,113.94282,137.90302065856181,130.7149614151078
408,1.7849542864174723,1.303844,1.794568074844983,1.6473508687534875,139.7031707763672,114.021164,140.21636167087684,132.35780203531112
409,1.8142454525458152,1.3052744,1.7847271428223248,1.6408913399776872,141.26675415039062,114.09751,139.69104568898308,132.01298777446493
410,1.8469930969053054,1.3066686,1.81507774978287,1.6625550404447802,143.0148468017578,114.171936,141.3111827715115,133.1694115823035
411,1.8844715314339564,1.3080475,1.8447712957151494,1.6837541788321169,145.01547241210938,114.24555,142.89624546693585,134.30103673443386
412,1.8930223989336707,1.3094465,1.8859134968062827,1.7129733958997737,145.471923828125,114.32022,145.09244555384802,135.8607794161963
413,1.9013911810353337,1.3108883,1.8928494448315578,1.7182611104246013,145.9186553955078,114.397194,145.46269141459294,136.14304139516213
414,1.8899295198019295,1.3123996,1.9016283769542288,1.7248597754432775,145.30682373046875,114.47787,145.93131708311512,136.49528284805425
415,1.948511852058615,1.3139681,1.889529118625485,1.7168608136790138,148.43399047851562,114.561584,145.28545002961692,136.06829255448756
416,1.990174820562272,1.3156024,1.9482609135070938,1.7584633779040624,150.65798950195312,114.648834,148.42059519936078,138.28906715437913
417,1.9517868165884082,1.3173227,1.9898458097068614,1.7880888920606872,148.6088104248047,114.74067,150.64042666744052,139.870498265016
418,1.9989074876116892,1.319127,1.9545044948918955,1.7638912414694166,151.1241455078125,114.836975,148.75388203419908,138.57881038925305
419,2.012916343479377,1.3210136,1.9970635618501298,1.7942485940469677,151.8719482421875,114.93768,151.02571543332945,140.19930755763642
420,2.0103691488450934,1.3229878,2.0117226304925224,1.805102203649453,151.73597717285156,115.043076,151.80822699014095,140.7786809922149
421,2.0611286693459228,1.3250375,2.0139502012466486,1.8072764144951667,154.445556640625,115.15249,151.9271363084095,140.89474192045122
422,2.0813229976287446,1.3271219,2.058478945390949,1.8390718477245158,155.52354431152344,115.26375,154.30411248290199,142.59200486141614
423,1.9779851035850093,1.3292207,2.08190771564008,1.856101620563992,150.00729370117188,115.375786,155.5547569767007,143.50106630193812
424,2.0345664974015665,1.3313377,1.9815255767874298,1.7864692406595413,153.02764892578125,115.4888,150.19628669008955,139.78404011611715
425,2.052941686793963,1.3334248,2.032127805389717,1.8225169176721854,154.00852966308594,115.60021,152.8974698039469,141.7082908681075
426,2.052941686793963,1.3354764,2.04873410890934,1.834756807697872,154.00852966308594,115.709724,153.78392614964167,142.36166494205807
427,2.045846359085268,1.3374702,2.058747276044843,1.8423641573030451,153.62977600097656,115.81615,154.31843616490667,142.76775069879832
428,2.0383868605804687,1.3394117,2.0433114431879926,1.8321415606943174,153.23158264160156,115.91979,153.49446037939427,142.22206118863272
429,2.0229224649217623,1.3412812,2.0388747256888475,1.8295966785476077,152.4060821533203,116.019585,153.2576252296257,142.08621356153554
430,2.04220750960772,1.3430595,2.023249822151007,1.8191927672465038,153.43553161621094,116.11452,152.4235567160868,141.53084534355668
431,2.025287574157994,1.3447354,2.0417832646926217,1.8326689124019921,152.53233337402344,116.20398,153.41288511955543,142.25021159953715
432,2.0674962271591086,1.3463064,2.0251922876102446,1.8215265521728896,154.78546142578125,116.287834,152.5272469100303,141.6554244502216
433,2.0356581522448307,1.3477695,2.067647230451783,1.8516839407660923,153.08592224121094,116.36594,154.79352208942345,143.26524739826291
434,2.033656642108005,1.3491181,2.035021860266273,1.8292507481626483,152.9790802001953,116.43792,153.051956520818,142.06774755044802
435,2.033656642108005,1.3503517,2.0359612792164867,1.8302784266672083,152.9790802001953,116.50377,153.10210337551683,142.12260576321194
436,2.0462102440330225,1.3514804,2.0309723073007717,1.8271247305108544,153.64920043945312,116.56402,152.8357884904521,141.95425920933317
437,2.0540333416372274,1.3525083,2.0474448378171215,1.838963896304367,154.06680297851562,116.6189,153.71510393766252,142.5862423374863
438,2.0993345879217347,1.3534387,2.053447160968948,1.843444651062129,156.48501586914062,116.668564,154.03551223566575,142.82542822758077
439,2.073864070820643,1.354292,2.098725058131126,1.8753951810249638,155.12538146972656,116.71411,156.4524787334598,144.53097034298284
440,2.0058210157706817,1.3550981,2.0744302104687264,1.8586306037051379,151.49319458007812,116.75714,155.15560240860077,143.6360652287598
441,1.901572980585037,1.3558106,2.008782629062705,1.8128910389770874,145.92835998535156,116.79518,151.65128761343175,141.19445458647652
442,1.9819875521619634,1.3563125,1.9007001470940756,1.7373838629317495,150.220947265625,116.82197,145.8817675100374,137.16382758560368
443,1.9899927351642202,1.3566073,1.9803627459193467,1.7932361354022859,150.6482696533203,116.8377,150.13421394760573,140.14526179186615
444,2.009823464347636,1.3567384,1.9884388442493295,1.7989287432988257,151.70684814453125,116.8447,150.56532184615813,140.44913726827647
445,1.9892649652687107,1.3567469,2.013383716824078,1.8163926872985525,150.6094207763672,116.84516,151.89689696522686,141.3813750755117
446,1.9559713505634138,1.3566759,1.9860097452755996,1.7972095985541103,148.83218383789062,116.84137,150.43565480755203,140.3573680936182
