Date,adjclose,close,high,low,open,volume
2019-12-02,65.18714141845703,81.43000030517578,81.87999725341797,80.86000061035156,81.3499984741211,2135334
2019-12-03,63.51403045654297,79.33999633789062,80.4000015258789,79.19999694824219,80.23999786376953,3917400
2019-12-04,62.28923034667969,77.80999755859375,78.55999755859375,77.80999755859375,78.5,5003594
2019-12-05,62.93766784667969,78.62000274658203,78.94000244140625,78.40499877929688,78.73999786376953,3434240
2019-12-06,63.233856201171875,78.98999786376953,79.0999984741211,78.70500183105469,79.05999755859375,2327383
2019-12-09,63.44998550415039,79.26000213623047,79.55999755859375,79.06999969482422,79.41999816894531,1382702
2019-12-10,63.42597961425781,79.2300033569336,79.63999938964844,78.81999969482422,79.3499984741211,1450289
2019-12-11,64.29053497314453,80.30999755859375,80.34500122070312,79.5199966430664,79.83000183105469,2438700
2019-12-12,63.81824493408203,79.72000122070312,80.06999969482422,79.58000183105469,79.80999755859375,1936584
2019-12-13,64.09040069580078,80.05999755859375,80.69000244140625,79.86000061035156,80.19999694824219,2833940
2019-12-16,65.21116638183594,81.45999908447266,81.5,80.20999908447266,80.5,3266776
2019-12-17,65.56338500976562,81.9000015258789,81.9000015258789,81.01000213623047,81.5,2402263
2019-12-18,65.56338500976562,81.9000015258789,82.07499694824219,81.51000213623047,81.7300033569336,3524114
2019-12-19,65.42729949951172,81.7300033569336,82.37999725341797,81.4749984741211,82.3499984741211,4093135
2019-12-20,65.04305267333984,81.25,81.94000244140625,81.0,81.86000061035156,7478049
2019-12-23,64.71483612060547,80.83999633789062,81.30000305175781,80.75,81.19000244140625,1317871
2019-12-24,64.61075592041016,80.70999908447266,80.8499984741211,80.4000015258789,80.72000122070312,783104
2019-12-27,64.8989486694336,81.06999969482422,81.12000274658203,80.55000305175781,80.98999786376953,1159836
2019-12-30,64.92296600341797,81.0999984741211,81.30000305175781,80.47000122070312,81.25,905155
2019-12-31,63.96233367919922,79.9000015258789,80.55000305175781,79.80000305175781,80.52999877929688,1766363
2020-01-02,63.94631576538086,79.87999725341797,80.22000122070312,79.38999938964844,79.79000091552734,1416232
2020-01-03,64.29053497314453,80.30999755859375,81.19000244140625,80.25,80.97000122070312,1622784
2020-01-06,63.858245849609375,79.7699966430664,79.87999725341797,79.2300033569336,79.7300033569336,2129260
2020-01-07,65.0030288696289,81.19999694824219,81.19999694824219,80.18000030517578,80.81999969482422,2417468
2020-01-08,64.76286315917969,80.9000015258789,81.25,80.02999877929688,81.22000122070312,1719114
2020-01-09,65.23516082763672,81.48999786376953,81.83999633789062,81.16999816894531,81.5,3014295
2020-01-10,66.04370880126953,82.5,82.5,81.6050033569336,81.62999725341797,2875353
2020-01-13,66.02770233154297,82.4800033569336,82.58000183105469,81.7300033569336,82.0999984741211,1434635
2020-01-14,66.58006286621094,83.16999816894531,83.5199966430664,82.7699966430664,82.95999908447266,2703855
2020-01-15,66.97232055664062,83.66000366210938,83.7699966430664,83.0999984741211,83.0999984741211,2039328
2020-01-16,67.61275482177734,84.45999908447266,84.45999908447266,83.87999725341797,84.0,3058484
2020-01-17,67.28451538085938,84.05000305175781,84.95999908447266,84.01000213623047,84.73999786376953,2401336
2020-01-20,67.18846130371094,83.93000030517578,84.4000015258789,83.83000183105469,84.0,1980399
2020-01-21,66.82823944091797,83.4800033569336,83.87999725341797,83.19999694824219,83.87999725341797,1923944
2020-01-22,67.604736328125,84.44999694824219,84.55999755859375,83.48999786376953,83.5,3656698
2020-01-23,67.6607894897461,84.5199966430664,84.94999694824219,84.26000213623047,84.44000244140625,2105704
2020-01-24,67.99701690673828,84.94000244140625,85.4000015258789,84.7699966430664,84.9000015258789,2839291
2020-01-28,67.26050567626953,84.0199966430664,84.06999969482422,83.54000091552734,83.69999694824219,2273413
2020-01-29,67.73281860351562,84.61000061035156,84.86000061035156,84.16000366210938,84.44000244140625,1877335
2020-01-30,68.39727020263672,85.44000244140625,85.44000244140625,84.68000030517578,84.83999633789062,3176161
2020-01-31,68.25316619873047,85.26000213623047,85.97000122070312,84.9000015258789,85.56999969482422,6713764
2020-02-03,67.6847915649414,84.55000305175781,84.94999694824219,84.05999755859375,84.1500015258789,2139581
2020-02-04,67.49267578125,84.30999755859375,84.69000244140625,83.96499633789062,84.4000015258789,2564013
2020-02-05,66.66812133789062,83.27999877929688,85.0,83.27999877929688,85.0,3166202
2020-02-06,67.42862701416016,84.2300033569336,84.3499984741211,83.5,83.93000030517578,3581220
2020-02-07,67.88491821289062,84.80000305175781,84.80000305175781,83.94999694824219,84.62000274658203,3368097
2020-02-10,67.50066375732422,84.31999969482422,84.73999786376953,84.08000183105469,84.73999786376953,1818742
2020-02-11,67.82088470458984,84.72000122070312,85.0,84.5199966430664,84.80000305175781,1913033
2020-02-12,70.5907211303711,88.18000030517578,88.55999755859375,86.19999694824219,86.19999694824219,7132862
2020-02-13,71.03099822998047,88.7300033569336,88.7300033569336,87.87000274658203,88.48999786376953,4143011
2020-02-14,72.84020233154297,90.98999786376953,91.05000305175781,89.30000305175781,89.4000015258789,7942600
2020-02-17,71.61538696289062,89.45999908447266,90.87999725341797,89.25,90.79000091552734,2619663
2020-02-18,72.25582885742188,90.26000213623047,90.26000213623047,89.58000183105469,89.80999755859375,3817424
2020-02-19,71.90379333496094,87.83000183105469,88.1500015258789,87.5,88.01000213623047,8050978
2020-02-20,71.92015838623047,87.8499984741211,88.0999984741211,87.41000366210938,87.83000183105469,2902590
2020-02-21,72.6978988647461,88.80000305175781,88.80000305175781,87.52999877929688,87.8499984741211,2506023
2020-02-24,72.0347671508789,87.98999786376953,87.98999786376953,87.4000015258789,87.61000061035156,2432907
2020-02-25,71.0605697631836,86.80000305175781,87.27999877929688,85.8499984741211,86.30000305175781,3475833
2020-02-26,69.87350463867188,85.3499984741211,86.05000305175781,85.06999969482422,85.33000183105469,3362264
2020-02-27,69.12031555175781,84.43000030517578,85.63999938964844,83.7300033569336,85.12000274658203,4435151
2020-02-28,66.95083618164062,81.77999877929688,82.58999633789062,81.2699966430664,82.25,7654504
2020-03-02,65.87837219238281,80.47000122070312,80.7699966430664,78.75,80.05000305175781,4714534
2020-03-03,64.76498413085938,79.11000061035156,81.94999694824219,79.08999633789062,81.5,4537570
2020-03-04,63.127662658691406,77.11000061035156,78.4000015258789,76.5,78.16999816894531,4610814
2020-03-05,62.83293914794922,76.75,78.30000305175781,76.38999938964844,78.1500015258789,5804404
2020-03-06,60.524269104003906,73.93000030517578,75.5,73.93000030517578,75.33000183105469,4995332
2020-03-09,56.61103439331055,69.1500015258789,71.95999908447266,69.1500015258789,71.0,7669261
2020-03-10,60.065834045410156,73.37000274658203,73.37000274658203,65.75,67.52999877929688,8874773
2020-03-11,56.07889938354492,68.5,73.5,68.5,73.06999969482422,8171997
2020-03-12,51.6662712097168,63.11000061035156,68.73999786376953,63.11000061035156,67.9000015258789,10247518
2020-03-13,54.326942443847656,66.36000061035156,66.36000061035156,57.15999984741211,60.470001220703125,17021972
2020-03-16,48.890968322753906,59.720001220703125,65.37999725341797,59.720001220703125,61.439998626708984,10752353
2020-03-17,55.37484359741211,67.63999938964844,67.9000015258789,59.70000076293945,59.720001220703125,11345264
2020-03-18,52.35395050048828,63.95000076293945,66.9000015258789,61.959999084472656,65.95999908447266,10404325
2020-03-19,49.89794158935547,60.95000076293945,68.5,60.45000076293945,66.19000244140625,10958660
2020-03-20,49.04651641845703,59.90999984741211,64.41000366210938,59.90999984741211,64.41000366210938,10756489
2020-03-23,44.42103576660156,54.2599983215332,57.79999923706055,53.439998626708984,57.709999084472656,10019723
2020-03-24,46.6641960144043,57.0,58.08000183105469,55.0,56.0099983215332,6944322
2020-03-25,51.08501052856445,62.400001525878906,62.400001525878906,57.880001068115234,62.0,7698259
2020-03-26,50.59381103515625,61.79999923706055,63.209999084472656,60.060001373291016,62.900001525878906,5841282
2020-03-27,47.20451354980469,57.65999984741211,63.790000915527344,57.65999984741211,63.279998779296875,12591507
2020-03-30,52.35395050048828,63.95000076293945,63.95000076293945,57.849998474121094,57.849998474121094,5825869
2020-03-31,50.61018371582031,61.81999969482422,68.18000030517578,61.0,64.5999984741211,9250686
2020-04-01,52.124717712402344,63.66999816894531,64.0,61.56999969482422,64.0,6392579
2020-04-02,50.13536071777344,61.2400016784668,62.290000915527344,59.68000030517578,61.25,8116112
2020-04-03,49.21025848388672,60.11000061035156,62.5,59.66999816894531,62.099998474121094,5466414
2020-04-06,51.14231491088867,62.470001220703125,62.9900016784668,60.5,61.09000015258789,4475626
2020-04-07,50.65111541748047,61.869998931884766,64.79000091552734,61.0,63.599998474121094,6689173
2020-04-08,48.964656829833984,59.810001373291016,61.25,59.310001373291016,60.0,7488425
2020-04-09,50.561065673828125,61.7599983215332,61.7599983215332,59.84000015258789,61.56999969482422,4265838
2020-04-14,51.371543884277344,62.75,62.75,60.79999923706055,61.7599983215332,4179847
2020-04-15,50.814849853515625,62.06999969482422,63.25,61.5,62.5,4472733
2020-04-16,50.151729583740234,61.2599983215332,61.2599983215332,60.13999938964844,60.470001220703125,5129177
2020-04-17,49.98799133300781,61.060001373291016,62.290000915527344,61.04999923706055,62.150001525878906,3484591
2020-04-20,49.02196502685547,59.880001068115234,61.59000015258789,59.880001068115234,60.9900016784668,3866241
2020-04-21,47.998626708984375,58.630001068115234,60.45000076293945,58.630001068115234,60.13999938964844,4261494
2020-04-22,48.506202697753906,59.25,59.95000076293945,57.58000183105469,58.380001068115234,4437856
2020-04-23,48.1623649597168,58.83000183105469,60.2400016784668,58.369998931884766,60.0,4443380
2020-04-24,48.20329284667969,58.880001068115234,59.54999923706055,58.4900016784668,58.54999923706055,4408844
2020-04-27,48.20329284667969,58.880001068115234,58.880001068115234,57.0,58.25,4215834
2020-04-28,47.98225402832031,58.61000061035156,60.130001068115234,58.0,59.099998474121094,4608913
2020-04-29,49.99618148803711,61.06999969482422,61.06999969482422,59.349998474121094,59.349998474121094,3903547
2020-04-30,51.32242202758789,62.689998626708984,62.93000030517578,61.2599983215332,61.880001068115234,5477696
2020-05-01,48.17053985595703,58.84000015258789,61.540000915527344,58.84000015258789,61.5099983215332,5231281
2020-05-04,49.02196502685547,59.880001068115234,60.11000061035156,58.0099983215332,58.630001068115234,3294801
2020-05-05,49.816070556640625,60.849998474121094,61.189998626708984,60.150001525878906,60.599998474121094,3811757
2020-05-06,49.406734466552734,60.349998474121094,60.70000076293945,59.880001068115234,60.5,2251545
2020-05-07,48.51438522338867,59.2599983215332,60.189998626708984,59.13999938964844,59.93000030517578,3227213
2020-05-08,48.792728424072266,59.599998474121094,60.29999923706055,59.470001220703125,60.25,3732173
2020-05-11,49.23480987548828,60.13999938964844,60.77000045776367,59.79999923706055,60.0,3138014
2020-05-12,48.882789611816406,59.709999084472656,60.5,59.25,60.189998626708984,3095215
2020-05-13,49.816070556640625,60.849998474121094,60.849998474121094,58.790000915527344,59.20000076293945,4472151
2020-05-14,48.21966552734375,58.900001525878906,59.59000015258789,58.81999969482422,59.400001525878906,4440061
2020-05-15,48.792728424072266,59.599998474121094,59.7599983215332,58.90999984741211,59.5,2541031
2020-05-18,48.21966552734375,58.900001525878906,59.939998626708984,58.880001068115234,59.88999938964844,2783661
2020-05-19,48.83367156982422,59.650001525878906,60.400001525878906,59.400001525878906,60.099998474121094,3796234
2020-05-20,49.17751693725586,60.06999969482422,60.099998474121094,59.02000045776367,59.099998474121094,2628015
2020-05-21,48.342464447021484,59.04999923706055,60.400001525878906,59.04999923706055,60.34000015258789,3701924
2020-05-22,48.05593490600586,58.70000076293945,59.459999084472656,58.70000076293945,59.150001525878906,3533352
2020-05-25,48.2933464050293,58.9900016784668,59.369998931884766,58.650001525878906,59.34000015258789,3314489
2020-05-26,50.192665100097656,61.310001373291016,61.310001373291016,59.11000061035156,59.400001525878906,6741584
2020-05-27,52.64048767089844,64.30000305175781,65.87999725341797,61.7400016784668,61.810001373291016,10042101
2020-05-28,53.81118392944336,65.7300033569336,67.02999877929688,65.08999633789062,66.01000213623047,5684569
2020-05-29,52.190216064453125,63.75,65.6500015258789,63.75,65.37000274658203,8073379
2020-06-01,52.313011169433594,63.900001525878906,64.2300033569336,62.310001373291016,63.04999923706055,3070283
2020-06-02,52.41944122314453,64.02999877929688,64.44000244140625,63.56999969482422,64.0,2100991
2020-06-03,54.12228012084961,66.11000061035156,66.29000091552734,64.45999908447266,64.61000061035156,3553552
2020-06-04,55.39122009277344,67.66000366210938,68.6500015258789,66.91000366210938,67.9000015258789,6606740
2020-06-05,56.26719665527344,68.7300033569336,68.9800033569336,67.91000366210938,68.16999816894531,4428390
2020-06-09,59.10797119140625,72.19999694824219,72.41999816894531,70.66999816894531,71.0,5346437
2020-06-10,58.61677551269531,71.5999984741211,72.41999816894531,70.5999984741211,71.37999725341797,3872247
2020-06-11,56.02977752685547,68.44000244140625,70.5,68.30999755859375,69.87000274658203,5573908
2020-06-12,55.11286163330078,67.31999969482422,67.63999938964844,65.37999725341797,66.5,6002755
2020-06-15,54.277828216552734,66.30000305175781,68.0,66.30000305175781,67.22000122070312,4090602
2020-06-16,56.561912536621094,69.08999633789062,69.56999969482422,68.1500015258789,68.76000213623047,5425361
2020-06-17,56.97124481201172,69.58999633789062,69.77999877929688,68.55999755859375,69.69999694824219,3893680
2020-06-18,56.49642181396485,69.01000213623047,69.44000244140625,68.12999725341797,69.1500015258789,6359929
2020-06-19,56.22625732421875,68.68000030517578,69.87000274658203,68.36000061035156,69.6500015258789,5999403
2020-06-22,56.848445892333984,69.44000244140625,69.86000061035156,67.9000015258789,68.1500015258789,2314821
2020-06-23,56.51279067993164,69.02999877929688,69.66000366210938,68.29000091552734,69.66000366210938,2516618
2020-06-24,56.68470764160156,69.23999786376953,69.5999984741211,68.62999725341797,69.23999786376953,2798594
2020-06-25,55.38303756713867,67.6500015258789,68.61499786376953,67.56999969482422,67.95999908447266,3797086
2020-06-26,56.70926284790039,69.2699966430664,69.41000366210938,68.31999969482422,68.66999816894531,5935454
2020-06-29,56.14439010620117,68.58000183105469,68.58000183105469,67.37000274658203,67.80000305175781,2706964
2020-07-01,57.20866394042969,69.87999725341797,69.87999725341797,68.87000274658203,69.44999694824219,2669469
2020-07-02,58.20743179321289,71.0999984741211,71.16000366210938,69.5199966430664,69.80000305175781,4184511
2020-07-03,58.59221649169922,71.56999969482422,71.93000030517578,70.7699966430664,71.43000030517578,2633309
2020-07-06,58.46941375732422,71.41999816894531,72.30000305175781,70.97000122070312,71.4000015258789,2432574
2020-07-07,58.32205581665039,71.23999786376953,72.38999938964844,71.16000366210938,71.9000015258789,3742188
2020-07-08,57.76535415649414,70.55999755859375,71.47000122070312,70.25,70.97000122070312,3698529
2020-07-09,57.65074157714844,70.41999816894531,71.12999725341797,70.41999816894531,71.0199966430664,2582172
2020-07-10,57.82265853881836,70.62999725341797,71.1500015258789,70.20999908447266,70.61000061035156,2954790
2020-07-13,59.042484283447266,72.12000274658203,72.62999725341797,71.5,71.80000305175781,3169882
2020-07-14,58.72321701049805,71.7300033569336,72.25,71.44000244140625,72.0,2788782
2020-07-15,59.541873931884766,72.7300033569336,72.80000305175781,71.4000015258789,72.0,3427002
2020-07-16,59.46819305419922,72.63999938964844,73.44999694824219,72.08999633789062,73.06999969482422,3339604
2020-07-17,59.43543243408203,72.5999984741211,73.0199966430664,72.20999908447266,72.77999877929688,3329439
2020-07-20,58.93605422973633,71.98999786376953,72.3499984741211,71.55000305175781,72.20999908447266,1506664
2020-07-21,60.93360900878906,74.43000030517578,74.43000030517578,72.33999633789062,72.77999877929688,3172653
2020-07-22,60.68800354003906,74.12999725341797,74.72000122070312,73.56999969482422,74.30000305175781,2723772
2020-07-23,60.36872482299805,73.73999786376953,73.95999908447266,73.18000030517578,73.76000213623047,2494631
2020-07-24,59.64830780029297,72.86000061035156,73.63999938964844,72.75,73.19999694824219,2473039
2020-07-27,59.34539031982422,72.48999786376953,73.27999877929688,72.2699966430664,72.8499984741211,1905993
2020-07-28,59.11616897583008,72.20999908447266,73.05000305175781,72.12999725341797,72.81999969482422,1907858
2020-07-29,59.77109909057617,73.01000213623047,73.91000366210938,72.54000091552734,72.80000305175781,4074211
2020-07-30,59.94301986694336,73.22000122070312,73.87000274658203,73.02999877929688,73.30000305175781,2916496
2020-07-31,58.28929901123047,71.19999694824219,72.66999816894531,71.02999877929688,72.5999984741211,4787087
2020-08-03,57.24959945678711,69.93000030517578,70.51000213623047,69.12999725341797,70.41000366210938,3299430
2020-08-04,58.534908294677734,71.5,72.25,71.16999816894531,71.30000305175781,4177168
2020-08-05,58.69862747192383,71.69999694824219,71.7699966430664,69.66999816894531,70.30999755859375,2914726
2020-08-06,58.70682907104492,71.70999908447266,72.23999786376953,71.1500015258789,72.0,2237150
2020-08-07,58.551273345947266,71.5199966430664,71.6500015258789,71.0199966430664,71.20999908447266,2499015
2020-08-10,60.56521224975586,73.9800033569336,74.12000274658203,72.05999755859375,72.0999984741211,3363578
2020-08-11,61.15464782714844,74.69999694824219,76.02999877929688,73.91000366210938,74.0,4249396
2020-08-12,60.85993194580078,74.33999633789062,76.75,73.94999694824219,75.97000122070312,4403812
2020-08-13,59.296268463134766,72.43000030517578,75.16999816894531,72.12999725341797,74.98999786376953,5960634
2020-08-14,58.74775314331055,71.76000213623047,72.87000274658203,71.2699966430664,72.43000030517578,4061418
2020-08-17,57.9290885925293,70.76000213623047,71.44999694824219,70.6500015258789,71.0999984741211,3329741
2020-08-18,57.69986724853515,70.4800033569336,71.23999786376953,70.02999877929688,70.80000305175781,4601033
2020-08-19,58.978389739990234,71.04000091552734,71.05999755859375,69.51000213623047,69.51000213623047,3711730
2020-08-20,58.33082580566406,70.26000213623047,70.66999816894531,69.8499984741211,69.8499984741211,4527699
2020-08-21,57.80778884887695,69.62999725341797,71.1500015258789,69.62999725341797,70.5,4129176
2020-08-24,57.24324798583984,68.94999694824219,69.62999725341797,68.8499984741211,69.58000183105469,2682292
2020-08-25,58.48856735229492,70.44999694824219,70.77999877929688,69.5999984741211,70.0,3548162
2020-08-26,57.82439422607422,69.6500015258789,69.87000274658203,68.80000305175781,69.81999969482422,2667332
2020-08-27,57.34286880493164,69.06999969482422,69.83000183105469,68.9000015258789,69.6500015258789,3089720
2020-08-28,57.35947036743164,69.08999633789062,69.68000030517578,68.81999969482422,69.31999969482422,3290137
2020-08-31,56.68700408935547,68.27999877929688,69.16000366210938,68.27999877929688,68.8499984741211,2630027
2020-09-01,55.44998550415039,66.79000091552734,67.72000122070312,66.41999816894531,67.51000213623047,4125905
2020-09-02,56.13076400756836,67.61000061035156,67.91999816894531,66.9000015258789,66.95999908447266,2427562
2020-09-03,56.603981018066406,68.18000030517578,68.5999984741211,68.0199966430664,68.25,2379411
2020-09-04,55.40016555786133,66.7300033569336,67.44000244140625,66.66999816894531,67.12999725341797,2884072
2020-09-07,55.93150329589844,67.37000274658203,67.9000015258789,66.06999969482422,66.37000274658203,2350246
2020-09-08,56.8613395690918,68.48999786376953,68.48999786376953,67.56999969482422,67.87000274658203,2062956
2020-09-09,55.44998550415039,66.79000091552734,66.9800033569336,66.33000183105469,66.5999984741211,3026643
2020-09-10,55.391868591308594,66.72000122070312,67.87999725341797,66.29000091552734,67.87999725341797,2969184
2020-09-11,54.62807083129883,65.80000305175781,66.26000213623047,65.80000305175781,66.0,2996930
2020-09-14,54.93525314331055,66.16999816894531,66.58999633789062,65.80000305175781,66.19000244140625,1944822
2020-09-15,53.988807678222656,65.02999877929688,66.16000366210938,65.0,66.0,3757071
2020-09-16,54.545047760009766,65.69999694824219,65.83000183105469,65.01000213623047,65.5999984741211,3905800
2020-09-17,53.96390151977539,65.0,65.7699966430664,65.0,65.37000274658203,3934061
2020-09-18,53.44086837768555,64.37000274658203,65.25,64.37000274658203,65.11000061035156,6395277
2020-09-21,52.71857452392578,63.5,64.3499984741211,63.310001373291016,64.30000305175781,4649205
2020-09-22,52.361595153808594,63.06999969482422,63.279998779296875,62.63999938964844,63.0,3671667
2020-09-23,53.35784149169922,64.2699966430664,64.47000122070312,63.349998474121094,63.4900016784668,3572552
2020-09-24,53.29972457885742,64.19999694824219,64.43000030517578,63.0,63.47999954223633,2762068
2020-09-25,54.90203857421875,66.12999725341797,66.77999877929688,65.25,65.48999786376953,4021873
2020-09-28,54.370704650878906,65.48999786376953,66.63999938964844,65.04000091552734,66.5,2440377
2020-09-29,53.98050308227539,65.0199966430664,66.04000091552734,64.9000015258789,65.88999938964844,1979376
2020-09-30,52.80990219116211,63.61000061035156,64.52999877929688,63.59000015258789,64.05999755859375,4612677
2020-10-01,53.166893005371094,64.04000091552734,64.54000091552734,63.779998779296875,63.90999984741211,2109305
2020-10-02,52.901222229003906,63.720001220703125,64.25,63.560001373291016,63.91999816894531,2525561
2020-10-05,54.78581237792969,65.98999786376953,65.98999786376953,64.56999969482422,64.70999908447266,1961004
2020-10-06,54.91864776611328,66.1500015258789,66.43000030517578,65.37000274658203,66.29000091552734,2227080
2020-10-07,56.09754943847656,67.56999969482422,67.61000061035156,66.16000366210938,66.16999816894531,3011826
2020-10-08,56.54586410522461,68.11000061035156,68.37999725341797,67.61000061035156,68.25,3174818
2020-10-09,56.21377944946289,67.70999908447266,68.55000305175781,67.70999908447266,68.5,2430743
2020-10-12,56.96097183227539,68.61000061035156,68.62000274658203,67.47000122070312,67.69000244140625,2140654
2020-10-13,57.60023880004883,69.37999725341797,70.66000366210938,69.13999938964844,69.56999969482422,3234295
2020-10-14,57.01078414916992,68.66999816894531,69.33000183105469,68.56999969482422,68.91000366210938,2158016
2020-10-15,57.51722717285156,69.27999877929688,69.72000122070312,68.33000183105469,68.62000274658203,2461648
2020-10-16,57.484012603759766,69.23999786376953,69.6500015258789,68.93000030517578,69.0,2994507
2020-10-19,58.123287200927734,70.01000213623047,70.25,69.5199966430664,69.8499984741211,1711635
2020-10-20,57.40098571777344,69.13999938964844,70.44999694824219,69.0199966430664,70.01000213623047,3276870
2020-10-21,57.84099960327149,69.66999816894531,69.81999969482422,69.08000183105469,69.20999908447266,3012271
2020-10-22,57.55872344970703,69.33000183105469,69.45999908447266,68.66000366210938,69.01000213623047,2607989
2020-10-23,58.031951904296875,69.9000015258789,69.91000366210938,68.95999908447266,69.62000274658203,2327154
2020-10-26,57.87420654296875,69.70999908447266,70.0999984741211,69.5,69.94999694824219,1509835
2020-10-27,57.07720184326172,68.75,69.37999725341797,68.30999755859375,69.0999984741211,2139783
2020-10-28,56.82814025878906,68.44999694824219,68.79000091552734,67.66000366210938,68.0199966430664,2260344
2020-10-29,56.570777893066406,68.13999938964844,68.66999816894531,67.75,68.1500015258789,2736317
2020-10-30,57.30136489868164,69.0199966430664,69.62999725341797,68.04000091552734,68.1500015258789,3779713
2020-11-02,57.17683029174805,68.87000274658203,69.69999694824219,66.04000091552734,69.68000030517578,3410760
2020-11-03,57.96552658081055,69.81999969482422,70.44999694824219,68.9800033569336,69.06999969482422,4195170
2020-11-04,56.79493713378906,68.41000366210938,69.72000122070312,67.87000274658203,69.5,2725022
2020-11-05,57.84099960327149,69.66999816894531,69.66999816894531,68.30999755859375,68.38999938964844,3856662
2020-11-06,57.94062805175781,69.79000091552734,70.25,69.26000213623047,70.0,2084788
2020-11-09,58.37233352661133,70.30999755859375,70.58000183105469,69.80000305175781,69.87000274658203,2365509
2020-11-10,60.10749053955078,72.4000015258789,73.13999938964844,71.31999969482422,72.0,6300671
2020-11-11,61.767913818359375,74.4000015258789,74.44000244140625,72.66000366210938,72.94999694824219,5151533
2020-11-12,60.663726806640625,73.06999969482422,74.5999984741211,72.87000274658203,74.4000015258789,3365097
2020-11-13,60.72184371948242,73.13999938964844,73.41999816894531,72.52999877929688,72.80000305175781,2805108
2020-11-16,61.842628479003906,74.48999786376953,74.55999755859375,73.79000091552734,74.0,350619
2020-11-17,62.58982467651367,75.38999938964844,75.45999908447266,74.5999984741211,74.6500015258789,4312323
2020-11-18,64.3830795288086,77.55000305175781,77.55000305175781,75.44000244140625,75.45999908447266,3979413
2020-11-19,65.47896575927734,78.87000274658203,78.87000274658203,77.18000030517578,78.0,4383570
2020-11-20,66.4171142578125,80.0,80.0,78.0999984741211,78.77999877929688,6969228
2020-11-23,66.08501434326172,79.5999984741211,80.05000305175781,79.2699966430664,79.79000091552734,1945889
2020-11-24,67.38015747070312,81.16000366210938,81.52999877929688,79.94999694824219,80.01000213623047,2684006
2020-11-25,68.38472747802734,82.37000274658203,83.3499984741211,82.03500366210938,82.4000015258789,3687505
2020-11-26,67.32203674316406,81.08999633789062,81.98999786376953,81.08999633789062,81.9000015258789,2020361
2020-11-27,67.00654602050781,80.70999908447266,81.69000244140625,80.5199966430664,81.0,2403041
2020-11-30,65.64501190185547,79.06999969482422,81.25,79.06999969482422,80.6500015258789,4762676
2020-12-01,66.6246566772461,80.25,80.62999725341797,78.79000091552734,79.01000213623047,2463844
2020-12-02,66.50012969970703,80.0999984741211,80.38999938964844,79.3499984741211,80.33000183105469,3014706
2020-12-03,66.05180358886719,79.55999755859375,80.0999984741211,79.4800033569336,80.0,1879664
2020-12-04,66.5665512084961,80.18000030517578,80.62000274658203,79.66999816894531,79.80000305175781,2250549
2020-12-07,67.03146362304688,80.73999786376953,80.79499816894531,80.05000305175781,80.5,2093503
2020-12-08,67.9197998046875,81.80999755859375,81.80999755859375,80.0,80.37999725341797,3903389
2020-12-09,69.05718994140625,83.18000030517578,83.5999984741211,81.83999633789062,82.0,4244217
2020-12-10,68.98246765136719,83.08999633789062,84.2699966430664,82.88999938964844,83.55000305175781,5242972
2020-12-11,68.40132141113281,82.38999938964844,83.05000305175781,82.16999816894531,82.9000015258789,2534051
2020-12-14,69.67154693603516,83.91999816894531,84.54000091552734,82.5,82.5,2641931
2020-12-15,68.96586608886719,83.06999969482422,84.45999908447266,82.80999755859375,84.30000305175781,2858544
2020-12-16,69.6134262084961,83.8499984741211,84.68000030517578,83.12999725341797,83.12999725341797,2037896
2020-12-17,70.33570861816406,84.72000122070312,84.83999633789062,84.0999984741211,84.58999633789062,4344206
2020-12-18,69.04059600830078,83.16000366210938,84.44999694824219,83.16000366210938,84.4000015258789,8380263
2020-12-21,68.90775299072266,83.0,83.51000213623047,82.33999633789062,83.12000274658203,1607940
2020-12-22,68.42622375488281,82.41999816894531,83.63999938964844,82.18000030517578,82.75,1995338
2020-12-23,69.05718994140625,83.18000030517578,83.36000061035156,82.5999984741211,82.79000091552734,1402217
2020-12-24,69.03228759765625,83.1500015258789,84.5,83.1500015258789,83.97000122070312,883611
2020-12-29,69.74626922607422,84.01000213623047,84.41999816894531,83.80000305175781,83.80000305175781,1165218
2020-12-30,69.3975601196289,83.58999633789062,83.80000305175781,83.08999633789062,83.55000305175781,1340818
2020-12-31,68.16886138916016,82.11000061035156,83.83000183105469,82.11000061035156,83.4000015258789,1120867
2021-01-04,69.53040313720703,83.75,83.91999816894531,82.16999816894531,82.2300033569336,1414844
2021-01-05,69.09869384765625,83.2300033569336,83.26000213623047,82.48500061035156,83.0,1809541
2021-01-06,68.8247299194336,82.9000015258789,83.3499984741211,82.27999877929688,82.69000244140625,2252786
2021-01-07,70.21947479248047,84.58000183105469,85.18000030517578,83.69999694824219,84.37999725341797,3011086
2021-01-08,71.0912094116211,85.62999725341797,85.62999725341797,84.79499816894531,84.98999786376953,2446079
2021-01-11,70.70101928710938,85.16000366210938,85.62999725341797,84.94000244140625,85.4000015258789,1840016
2021-01-12,71.29875183105469,85.87999725341797,86.26000213623047,85.27999877929688,85.48999786376953,1940939
2021-01-13,71.37347412109375,85.97000122070312,86.0999984741211,85.11000061035156,85.4000015258789,1887641
2021-01-14,71.67236328125,86.33000183105469,86.4000015258789,85.4000015258789,85.5,2524347
2021-01-15,70.88365173339844,85.37999725341797,86.47000122070312,85.25,86.0999984741211,2866714
2021-01-18,70.29420471191406,84.66999816894531,85.34500122070312,84.16000366210938,85.0999984741211,1469159
2021-01-19,70.65950775146484,85.11000061035156,85.61000061035156,84.91000366210938,85.0,2049672
2021-01-20,70.0451431274414,84.37000274658203,85.19000244140625,84.25,85.11000061035156,1663224
2021-01-21,70.8338394165039,85.31999969482422,85.4800033569336,84.51000213623047,85.02999877929688,2358103
2021-01-22,70.64290618896484,85.08999633789062,85.31999969482422,84.80999755859375,85.0,4575426
2021-01-25,70.79234313964844,85.2699966430664,85.73999786376953,84.80000305175781,85.11000061035156,1361881
2021-01-27,71.89651489257812,86.5999984741211,86.91999816894531,85.86000061035156,86.05999755859375,2843239
2021-01-28,70.68441009521484,85.13999938964844,85.45999908447266,83.9000015258789,85.30999755859375,3455937
2021-01-29,69.33116912841797,83.51000213623047,86.08999633789062,83.37999725341797,85.98999786376953,4486404
2021-02-01,70.3025131225586,84.68000030517578,84.68000030517578,82.0199966430664,83.0,2604306
2021-02-02,71.88821411132812,86.58999633789062,86.97000122070312,85.3499984741211,85.62000274658203,2678902
2021-02-03,72.71842956542969,87.58999633789062,88.4800033569336,87.12000274658203,87.20999908447266,2455634
2021-02-04,72.2784194946289,87.05999755859375,88.12999725341797,86.76000213623047,87.87000274658203,2315913
2021-02-05,73.59016418457031,88.63999938964844,88.88999938964844,87.8499984741211,88.19999694824219,2242933
2021-02-08,73.57355499267578,88.62000274658203,89.19999694824219,88.5999984741211,88.80000305175781,1820303
2021-02-09,72.57728576660156,87.41999816894531,88.70999908447266,87.04000091552734,88.37999725341797,1882826
2021-02-10,71.4980239868164,86.12000274658203,88.47000122070312,85.7699966430664,88.0,3228687
2021-02-11,72.27012634277344,87.05000305175781,87.19000244140625,85.25,85.94000244140625,2322335
2021-02-12,72.12068176269531,86.87000274658203,87.7300033569336,86.3499984741211,87.0,2235993
2021-02-15,71.88821411132812,86.58999633789062,87.19999694824219,86.3499984741211,87.0999984741211,2396310
2021-02-16,72.58100891113281,85.91000366210938,85.91000366210938,84.88999938964844,85.16000366210938,4133771
2021-02-17,71.20388793945312,84.27999877929688,85.73500061035156,84.04000091552734,85.4000015258789,2340499
2021-02-18,70.64630126953125,83.62000274658203,84.2699966430664,82.80000305175781,84.08000183105469,3373355
2021-02-19,69.70851135253906,82.51000213623047,83.56999969482422,81.6500015258789,83.0999984741211,4206236
2021-02-22,69.19314575195312,81.9000015258789,82.55000305175781,81.72000122070312,82.51000213623047,2071470
2021-02-23,70.36750030517578,83.29000091552734,83.4000015258789,81.5999984741211,81.94000244140625,2047232
2021-02-24,69.93661499023438,82.77999877929688,83.55000305175781,82.30999755859375,83.2699966430664,1709865
2021-02-25,70.71387481689453,83.69999694824219,84.16000366210938,83.31999969482422,83.5199966430664,2379912
2021-02-26,68.9059066772461,81.55999755859375,83.66000366210938,81.55999755859375,82.63999938964844,3900672
2021-03-01,71.06025695800781,84.11000061035156,84.13999938964844,81.79000091552734,81.9000015258789,2483224
2021-03-02,71.38130950927734,84.48999786376953,85.2699966430664,84.37000274658203,84.61000061035156,2100089
2021-03-03,72.15013122558594,85.4000015258789,85.4000015258789,84.25,84.25,2216522
2021-03-04,72.97807312011719,86.37999725341797,86.37999725341797,84.80999755859375,85.70999908447266,3528772
2021-03-05,73.03721618652344,86.44999694824219,86.80000305175781,85.52999877929688,86.4000015258789,3125494
2021-03-08,73.77223205566406,87.31999969482422,88.66000366210938,87.23999786376953,87.83000183105469,2592114
2021-03-09,74.25379943847656,87.88999938964844,88.98999786376953,87.66999816894531,88.44999694824219,2381197
2021-03-10,73.26531219482422,86.72000122070312,88.0,86.72000122070312,87.98999786376953,2059023
2021-03-11,73.03721618652344,86.44999694824219,87.87999725341797,85.7699966430664,87.81999969482422,2295069
2021-03-12,73.07099914550781,86.48999786376953,86.9800033569336,86.16999816894531,86.56999969482422,1436474
2021-03-15,72.99495697021484,86.4000015258789,86.98999786376953,85.76000213623047,86.51000213623047,1984298
2021-03-16,73.65396118164062,87.18000030517578,87.72000122070312,86.51000213623047,86.58999633789062,2770885
2021-03-17,73.59481811523438,87.11000061035156,87.87999725341797,86.4000015258789,86.93000030517578,2412813
2021-03-18,72.44581604003906,85.75,86.99500274658203,85.51000213623047,86.91999816894531,4351783
2021-03-19,71.5671615600586,84.70999908447266,85.79000091552734,84.4000015258789,85.5,9528922
2021-03-22,71.87977600097656,85.08000183105469,85.36000061035156,83.94499969482422,84.69999694824219,1718564
2021-03-23,71.61786651611328,84.7699966430664,85.36499786376953,84.19999694824219,84.22000122070312,1668194
2021-03-24,72.96961975097656,86.37000274658203,86.47000122070312,84.70999908447266,85.05000305175781,2100578
2021-03-25,73.11325073242188,86.54000091552734,86.9800033569336,85.79000091552734,86.19000244140625,2145117
2021-03-26,72.65703582763672,86.0,87.05999755859375,85.93000030517578,86.81999969482422,2506871
2021-03-29,72.29374694824219,85.56999969482422,86.5999984741211,85.47000122070312,86.16999816894531,1559267
2021-03-30,72.15013122558594,85.4000015258789,86.41999816894531,85.12999725341797,85.66000366210938,1725824
2021-03-31,72.74151611328125,86.0999984741211,87.13999938964844,85.80000305175781,86.01000213623047,3266727
2021-04-01,72.8344497680664,86.20999908447266,86.37000274658203,85.52999877929688,85.94999694824219,1828365
2021-04-06,72.68238067626953,86.02999877929688,86.94999694824219,86.02999877929688,86.94999694824219,2032271
2021-04-07,73.10480499267578,86.52999877929688,86.7300033569336,85.7300033569336,86.05999755859375,1941057
2021-04-08,73.60326385498047,87.12000274658203,87.86499786376953,86.73999786376953,86.9000015258789,2641603
2021-04-09,73.61170196533203,87.12999725341797,87.48999786376953,86.44000244140625,87.19999694824219,1644070
2021-04-12,73.26531219482422,86.72000122070312,87.44999694824219,86.44999694824219,87.11000061035156,1568333
2021-04-13,73.66240692138672,87.19000244140625,87.47000122070312,86.62999725341797,86.6500015258789,1578334
2021-04-14,74.17777252197266,87.80000305175781,87.9000015258789,87.02999877929688,87.25,2014595
2021-04-15,74.27069091796875,87.91000366210938,88.0,87.1500015258789,88.0,1921598
2021-04-16,74.33828735351562,87.98999786376953,88.01000213623047,87.44999694824219,87.68000030517578,2825845
2021-04-19,75.05641174316406,88.83999633789062,89.08000183105469,88.12000274658203,88.48999786376953,2140964
2021-04-20,74.1270523071289,87.73999786376953,88.83000183105469,87.56999969482422,88.69000244140625,1835450
2021-04-21,74.49034881591797,88.16999816894531,88.30999755859375,86.9000015258789,87.05000305175781,2770888
2021-04-22,75.30986022949219,89.13999938964844,89.13999938964844,88.30999755859375,88.56999969482422,2948752
2021-04-23,75.52106475830078,89.38999938964844,89.38999938964844,88.75,88.94000244140625,1616978
2021-04-26,75.23383331298828,89.05000305175781,89.98999786376953,88.97000122070312,89.75,1226856
2021-04-27,75.47038269042969,89.33000183105469,89.45999908447266,88.4000015258789,89.0,1836324
2021-04-28,76.2138442993164,90.20999908447266,90.58999633789062,89.5,89.51000213623047,2462101
2021-04-29,76.03641510009766,90.0,90.80999755859376,89.88999938964844,90.5999984741211,1635378
2021-04-30,75.22537231445312,89.04000091552734,89.77999877929688,88.81999969482422,89.77999877929688,2702298
2021-05-03,75.782958984375,89.69999694824219,89.98999786376953,89.20999908447266,89.47000122070312,1772294
2021-05-04,76.4166030883789,90.4499969482422,90.6500015258789,89.55999755859375,89.94000244140625,1980156
2021-05-05,78.33440399169922,92.72000122070312,92.72000122070312,91.55999755859376,92.51000213623048,3096594
2021-05-06,78.52029418945312,92.94000244140624,93.0999984741211,91.97000122070312,93.0,3482352
2021-05-07,79.34822845458984,93.91999816894533,94.0999984741211,92.5999984741211,93.0,3055557
2021-05-10,80.38740539550781,95.1500015258789,95.18000030517578,93.8000030517578,93.9000015258789,1951229
2021-05-11,79.90583801269531,94.58000183105467,95.5,94.25,95.0,2280046
2021-05-12,80.74224090576172,95.56999969482422,95.56999969482422,93.8499984741211,94.0,3398755
2021-05-13,81.08863067626953,95.9800033569336,96.5,94.81999969482422,95.43000030517578,2460516
2021-05-14,81.59553527832031,96.58000183105467,97.37999725341795,96.41000366210938,97.25,2110994
2021-05-17,82.61780548095703,97.79000091552734,98.4000015258789,96.91000366210938,96.98999786376952,1931159
2021-05-18,82.59246063232422,97.76000213623048,98.84500122070312,97.76000213623048,98.3499984741211,1910587
2021-05-19,80.53102111816406,95.31999969482422,97.0,95.0999984741211,96.69000244140624,2971615
2021-05-20,83.13316345214844,98.4000015258789,98.4800033569336,95.86000061035156,96.08999633789062,3276187
2021-05-21,82.83746337890625,98.0500030517578,98.56999969482422,97.56999969482422,97.98999786376952,4462981
2021-05-24,83.43731689453125,98.76000213623048,99.16000366210938,97.6500015258789,98.0,1693358
2021-05-25,84.17232513427734,99.62999725341795,99.6500015258789,98.5999984741211,98.87000274658205,1526334
2021-05-26,84.13008117675781,99.58000183105467,100.1999969482422,99.25,99.25,1976479
2021-05-27,83.6147232055664,98.97000122070312,100.08000183105467,98.73999786376952,99.6500015258789,3488494
2021-05-28,84.9580307006836,100.55999755859376,100.55999755859376,98.81999969482422,99.08999633789062,2803414
2021-05-31,84.24835968017578,99.72000122070312,101.5,99.6500015258789,100.72000122070312,2196204
2021-06-01,84.0286865234375,99.45999908447266,99.81999969482422,98.83999633789062,99.37000274658205,1231266
2021-06-02,84.76371002197266,100.33000183105467,100.41999816894533,99.30999755859376,100.0,1992987
2021-06-03,85.5071792602539,101.20999908447266,101.8499984741211,100.38999938964844,100.5,1880601
2021-06-04,86.61393737792969,102.5199966430664,102.63999938964844,101.5,101.73999786376952,2392986
2021-06-07,86.11548614501953,101.93000030517578,102.3000030517578,101.47000122070312,102.25,1248446
2021-06-08,85.73530578613281,101.4800033569336,102.41999816894533,100.70999908447266,101.8499984741211,2202865
2021-06-09,85.39735412597656,101.08000183105467,101.91000366210938,100.94000244140624,101.37999725341795,1826370
2021-06-10,86.04788208007812,101.8499984741211,102.12000274658205,100.7699966430664,101.0,1791330
2021-06-11,85.63391876220703,101.36000061035156,101.69499969482422,100.81999969482422,101.0,1740852
2021-06-15,87.39965057373047,103.4499969482422,103.72000122070312,101.45999908447266,101.5,2296140
2021-06-16,88.5571060180664,104.81999969482422,104.94000244140624,103.41000366210938,104.01000213623048,2775509
2021-06-17,89.47797393798828,105.91000366210938,106.56999969482422,105.11000061035156,105.5,3930519
2021-06-18,87.60242462158203,103.69000244140624,105.4000015258789,103.69000244140624,105.3499984741211,8444253
2021-06-21,82.84591674804688,98.05999755859376,101.81999969482422,98.05999755859376,101.72000122070312,4770270
2021-06-22,84.67924499511719,100.2300033569336,101.1999969482422,99.83999633789062,100.37000274658205,2855988
2021-06-23,83.80904388427734,99.1999969482422,100.16999816894533,98.91999816894533,99.87000274658205,2295011
2021-06-24,83.34437561035156,98.6500015258789,99.18000030517578,98.1999969482422,99.0,2322776
2021-06-25,83.85972595214844,99.26000213623048,99.98999786376952,98.76000213623048,99.97000122070312,2374636
2021-06-28,84.3750991821289,99.87000274658205,99.87000274658205,98.3000030517578,99.4499969482422,1711467
2021-06-29,84.89044952392578,100.4800033569336,100.5,98.76000213623048,99.11000061035156,1940208
2021-06-30,84.3750991821289,99.87000274658205,101.0,99.87000274658205,100.87999725341795,2267452
2021-07-01,83.3866195678711,98.6999969482422,100.0,98.5199966430664,99.8499984741211,2109527
2021-07-02,84.05404663085938,99.48999786376952,99.5,98.73999786376952,99.1500015258789,1880758
2021-07-05,83.79214477539062,99.18000030517578,99.45999908447266,98.72000122070312,99.02999877929688,1210399
2021-07-06,83.31903839111328,98.62000274658205,99.95999908447266,98.62000274658205,99.5,2030654
2021-07-07,84.23992156982422,99.70999908447266,99.70999908447266,98.3499984741211,98.5,1879216
2021-07-08,84.05404663085938,99.48999786376952,100.18000030517578,99.13999938964844,99.36000061035156,1807323
2021-07-09,83.2936782836914,98.58999633789062,98.88999938964844,97.70999908447266,98.6500015258789,2720818
2021-07-12,83.78368377685547,99.16999816894533,99.48999786376952,98.72000122070312,99.3499984741211,1510229
2021-07-13,83.12471771240234,98.38999938964844,100.12000274658205,98.33999633789062,100.0,2270019
2021-07-14,83.45420837402344,98.77999877929688,99.0500030517578,97.9499969482422,98.4000015258789,2042014
2021-07-15,83.05712127685547,98.30999755859376,99.12999725341795,98.11000061035156,98.98999786376952,2046644
2021-07-16,82.95574188232422,98.19000244140624,98.31999969482422,97.61000061035156,98.30999755859376,3147728
2021-07-19,82.52487182617188,97.68000030517578,97.93000030517578,96.23999786376952,97.25,1615348
2021-07-20,82.46573638916016,97.61000061035156,97.9000015258789,96.02999877929688,96.4000015258789,2194476
2021-07-21,83.15005493164062,98.41999816894533,98.86000061035156,97.8000030517578,98.25,1894365
2021-07-22,84.3835220336914,99.87999725341795,99.87999725341795,98.93000030517578,98.9800033569336,2039580
2021-07-23,83.741455078125,99.12000274658205,99.4000015258789,98.7699966430664,99.0,1557685
2021-07-26,83.75835418701172,99.13999938964844,99.79000091552734,98.8000030517578,99.22000122070312,1408492
2021-07-27,85.08475494384766,100.70999908447266,100.77999877929688,99.26499938964844,99.38999938964844,2547943
2021-07-28,83.89352416992188,99.3000030517578,100.3499984741211,99.11000061035156,100.02999877929688,2323659
2021-07-29,84.02024841308594,99.4499969482422,99.5500030517578,98.91000366210938,99.30999755859376,1744882
2021-07-30,84.18922424316406,99.6500015258789,100.16500091552734,99.4499969482422,99.66000366210938,2502824
2021-08-02,85.88737487792969,101.66000366210938,102.3499984741211,99.66000366210938,99.88999938964844,2317578
2021-08-03,85.70995330810547,101.4499969482422,101.75,101.0199966430664,101.0199966430664,1639681
2021-08-04,86.36894989013672,102.2300033569336,102.5,101.5,101.5,1876527
2021-08-05,87.3658676147461,103.41000366210938,103.6999969482422,102.30999755859376,102.5,1995170
2021-08-06,87.6530990600586,103.75,104.22000122070312,103.27999877929688,103.5,1917193
2021-08-09,88.65847778320312,104.94000244140624,105.58000183105467,104.25,104.76000213623048,1889463
2021-08-10,90.02713012695312,106.55999755859376,106.55999755859376,105.19000244140624,105.66000366210938,2356568
2021-08-11,91.38733673095705,108.16999816894533,109.02999877929688,107.12999725341795,108.75,3614887
2021-08-12,89.45262145996094,105.87999725341795,108.91999816894533,105.33999633789062,108.86000061035156,3841214
2021-08-13,87.88966369628906,104.02999877929688,106.26000213623048,103.62999725341795,106.0,3735467
2021-08-16,86.6308364868164,102.54000091552734,103.62999725341795,102.41999816894533,103.5500030517578,3855925
2021-08-17,85.30388641357422,99.0,100.9000015258789,99.0,100.68000030517578,3990475
2021-08-18,85.96737670898438,99.7699966430664,100.56999969482422,99.27999877929688,99.48999786376952,3036114
2021-08-19,85.49345397949219,99.22000122070312,100.06999969482422,99.0999984741211,99.12000274658205,2242541
2021-08-20,85.53652954101562,99.2699966430664,100.6999969482422,99.25,100.0,2620966
2021-08-23,86.31202697753906,100.16999816894533,100.16999816894533,99.62000274658205,99.88999938964844,1326874
2021-08-24,86.0879898071289,99.91000366210938,100.5999984741211,99.75,100.51000213623048,1335240
2021-08-25,86.44126892089844,100.31999969482422,100.83000183105467,99.7699966430664,99.98999786376952,1403418
2021-08-26,87.0185775756836,100.98999786376952,101.23999786376952,99.83999633789062,100.63999938964844,1664793
2021-08-27,87.49248504638672,101.54000091552734,101.58000183105467,100.4499969482422,100.8499984741211,1907148
2021-08-30,86.52743530273438,100.41999816894533,102.0999984741211,100.0,102.0,1928907
2021-08-31,86.26893615722656,100.12000274658205,100.62999725341795,99.61000061035156,100.0,2947816
2021-09-01,87.0271987915039,101.0,101.0,99.1500015258789,99.62000274658203,1788312
2021-09-02,87.34602355957031,101.37000274658203,102.0,100.41000366210938,101.5,1887736
2021-09-03,87.75099182128906,101.83999633789062,102.0,101.0199966430664,101.36000061035156,1604540
2021-09-06,88.02672576904297,102.16000366210938,102.16000366210938,100.62999725341797,101.30999755859375,1458446
2021-09-07,88.00949096679688,102.13999938964844,102.48999786376953,101.58000183105469,102.0,1332462
2021-09-08,88.68158721923828,102.91999816894531,103.30000305175781,101.5199966430664,101.58000183105469,2118352
2021-09-09,86.63945007324219,100.55000305175781,102.30000305175781,100.08999633789062,102.05000305175781,2468569
2021-09-10,87.10475158691406,101.08999633789062,101.98999786376953,100.68000030517578,101.91999816894531,1995586
2021-09-13,87.28569793701172,101.30000305175781,101.37000274658203,100.38999938964844,100.77999877929688,1119691
2021-09-14,87.52696228027344,101.58000183105469,101.95999908447266,100.11000061035156,100.9000015258789,2114634
2021-09-15,87.38047790527344,101.41000366210938,101.79000091552734,100.37999725341797,101.12999725341797,1668541
2021-09-16,88.62126159667969,102.8499984741211,102.8499984741211,101.6050033569336,101.98999786376953,3551486
2021-09-17,88.6471176147461,102.87999725341797,103.20999908447266,102.05000305175781,102.0999984741211,5172919
2021-09-20,86.86347198486328,100.80999755859375,102.2300033569336,100.77999877929688,101.79000091552734,1826955
2021-09-21,86.45850372314453,100.33999633789062,100.4800033569336,99.58999633789062,99.93000030517578,1824143
2021-09-22,85.8553466796875,99.63999938964844,100.4800033569336,99.51000213623047,99.7300033569336,1814722
2021-09-23,86.85487365722656,100.80000305175781,101.2300033569336,100.13999938964844,100.41999816894531,1811104
2021-09-24,87.63035583496094,101.69999694824219,101.76000213623047,100.80000305175781,101.5,1852521
2021-09-27,90.12053680419922,104.58999633789062,104.94000244140625,102.0,102.29000091552734,4102986
2021-09-28,89.61216735839844,104.0,105.94000244140625,103.87999725341797,105.0,3966023
2021-09-29,88.4230728149414,102.62000274658203,103.87999725341797,101.8499984741211,103.48999786376953,4789117
2021-09-30,89.89652252197266,104.33000183105469,104.45999908447266,103.33000183105469,104.0,5580253
2021-10-01,86.23448181152344,100.08000183105469,103.06999969482422,99.62000274658203,102.0,6047430
2021-10-04,90.61167907714844,105.16000366210938,105.62999725341797,102.47000122070312,102.76000213623047,10273487
2021-10-05,90.90464782714844,105.5,106.2699966430664,104.20999908447266,104.79000091552734,5578795
2021-10-06,89.11241149902344,103.41999816894531,104.69000244140625,102.38999938964844,104.5999984741211,8996170
2021-10-07,89.1037826538086,103.41000366210938,104.0,102.69999694824219,103.87000274658203,3551947
2021-10-08,89.9999008178711,104.44999694824219,104.44999694824219,102.93000030517578,103.69999694824219,8012331
2021-10-11,90.20671081542969,104.69000244140625,104.95999908447266,103.5,104.01000213623047,2335810
2021-10-12,90.3790512084961,104.88999938964844,105.19999694824219,103.6500015258789,103.6500015258789,3707945
2021-10-13,88.94007873535156,103.22000122070312,104.88999938964844,103.04000091552734,104.63999938964844,2906039
2021-10-14,87.81130981445312,101.91000366210938,103.44000244140625,101.91000366210938,103.41000366210938,2358452
2021-10-15,88.130126953125,102.27999877929688,102.44999694824219,101.5199966430664,102.2699966430664,1712117
2021-10-18,89.56046295166016,103.94000244140625,104.1500015258789,102.55000305175781,102.55000305175781,2328844
2021-10-19,89.51737976074219,103.88999938964844,104.44999694824219,103.62000274658203,103.94000244140625,1590707
2021-10-20,90.49966430664062,105.02999877929688,105.18000030517578,104.1500015258789,104.36000061035156,2504461
2021-10-21,90.43072509765625,104.94999694824219,105.27999877929688,104.55999755859375,105.02999877929688,2364710
2021-10-22,90.37041473388672,104.87999725341797,104.97000122070312,103.93000030517578,104.51000213623047,2794987
2021-10-25,90.87018585205078,105.45999908447266,105.93000030517578,104.9800033569336,105.0,1352099
2021-10-26,90.55999755859375,105.0999984741211,106.0,104.9800033569336,105.55000305175781,1398841
2021-10-27,91.42164611816406,106.0999984741211,106.11000061035156,104.87999725341797,105.04000091552734,1831998
2021-10-28,92.07649993896484,106.86000061035156,106.86000061035156,105.56999969482422,105.98999786376953,2271484
2021-10-29,90.19808959960938,104.68000030517578,107.19999694824219,104.16999816894531,107.0,3024922
2021-11-01,91.5853500366211,106.29000091552734,106.4000015258789,104.75,105.68000030517578,2767296
2021-11-02,91.12867736816406,105.76000213623047,106.55000305175781,105.06999969482422,106.31999969482422,1628086
2021-11-03,92.19713592529297,107.0,107.26000213623047,106.12999725341797,106.5199966430664,1829800
2021-11-04,93.48961639404297,108.5,108.5,107.19999694824219,107.25,1833682
2021-11-05,94.53221893310547,109.70999908447266,109.94999694824219,108.48999786376953,108.5,2419455
2021-11-08,94.89411163330078,110.12999725341797,110.19000244140625,109.2699966430664,110.0,1514479
2021-11-09,93.7567367553711,108.80999755859375,109.8499984741211,108.7300033569336,109.8499984741211,1589464
2021-11-10,93.84290313720703,108.91000366210938,109.94000244140625,108.66999816894531,109.0,1474499
2021-11-11,92.34361267089844,107.16999816894531,109.18000030517578,106.43000030517578,109.01000213623047,2093965
2021-11-12,93.16219329833984,108.12000274658203,108.4000015258789,106.69999694824219,107.30999755859375,1646144
2021-11-15,93.0674057006836,108.01000213623047,108.11000061035156,107.4000015258789,108.02999877929688,1515787
2021-11-16,92.7830581665039,107.68000030517578,107.97000122070312,107.05999755859375,107.5,2426125
2021-11-17,85.29527282714844,98.98999786376953,103.30000305175781,98.62999725341797,103.30000305175781,8337211
2021-11-18,83.97693634033203,97.45999908447266,99.12999725341797,97.45999908447266,99.0,5120941
2021-11-19,84.27851104736328,97.80999755859375,98.70999908447266,97.5,97.7300033569336,3532584
2021-11-22,82.54660034179688,95.80000305175781,97.98999786376953,95.6500015258789,97.81999969482422,2513854
2021-11-23,83.42547607421875,96.81999969482422,97.36499786376953,96.1500015258789,96.1500015258789,2387557
2021-11-24,83.73567962646484,97.18000030517578,98.33000183105469,96.51000213623047,97.19999694824219,2809339
2021-11-25,82.52074432373047,95.7699966430664,97.05999755859375,95.66999816894531,96.87000274658203,2580435
2021-11-26,81.69355010986328,94.80999755859375,96.36000061035156,94.22000122070312,95.80000305175781,3048649
2021-11-29,80.80604553222656,93.77999877929688,94.58000183105469,92.69999694824219,93.37000274658203,3307834
2021-11-30,80.28904724121094,93.18000030517578,94.98999786376953,93.16000366210938,94.55999755859375,6085030
2021-12-01,80.89221954345703,93.87999725341797,94.04000091552734,92.37999725341797,92.5999984741211,2498623
2021-12-02,82.63275909423828,95.9000015258789,96.04000091552734,93.0,93.0,2980988
2021-12-03,83.2445297241211,96.61000061035156,96.93000030517578,95.63999938964844,96.51000213623047,2664935
2021-12-06,83.78736877441406,97.23999786376953,97.69000244140625,96.19000244140625,96.62000274658203,2142812
2021-12-07,84.1234130859375,97.62999725341797,98.2300033569336,96.76000213623047,98.0,1866694
2021-12-08,84.3991470336914,97.94999694824219,98.91999816894531,97.01000213623047,98.26000213623047,2474246
2021-12-09,84.5801010131836,98.16000366210938,98.56999969482422,97.52999877929688,98.12000274658203,1745841
2021-12-10,84.35606384277344,97.9000015258789,98.55999755859375,97.55999755859375,97.80000305175781,1710318
2021-12-13,84.46808624267578,98.02999877929688,99.27999877929688,97.73999786376953,98.30000305175781,1772633
2021-12-14,84.04586029052734,97.54000091552734,98.38999938964844,96.8499984741211,97.02999877929688,1888180
2021-12-15,83.52027130126953,96.93000030517578,98.0,96.51000213623047,97.37999725341797,1829146
2021-12-16,83.39962768554688,96.79000091552734,97.36499786376953,96.29000091552734,96.68000030517578,2773830
2021-12-17,85.40728759765625,99.12000274658203,99.4800033569336,97.05000305175781,97.16999816894531,7120915
2021-12-20,85.47622680664062,99.19999694824219,99.19999694824219,98.02999877929688,98.6500015258789,1714077
2021-12-21,85.81226348876953,99.58999633789062,100.0,99.0,99.54000091552734,1828187
2021-12-22,85.97599029541016,99.77999877929688,99.91500091552734,99.20999908447266,99.80000305175781,1653355
2021-12-23,86.26033782958984,100.11000061035156,100.58999633789062,99.76000213623047,100.0,992730
2021-12-24,86.70838928222656,100.62999725341797,101.13999938964844,100.58000183105469,100.58000183105469,888168
2021-12-29,87.80269622802734,101.9000015258789,102.37000274658203,101.37000274658203,101.41999816894531,1548336
2021-12-30,88.12150573730469,102.2699966430664,102.58000183105469,101.70999908447266,102.0,1015385
